Order_ID,Gender_Category,Product_Line,Product_Name,Size,Units_Sold,MRP,Discount_Applied,Revenue,Order_Date,Sales_Channel,Region,Profit
2000,Kids,Training,SuperRep Go,M,,,0.47,0,3/9/2024,Online,bengaluru,-770.45
2001,Women,Soccer,Tiempo Legend,M,3,4957.93,,0,7/9/2024,Retail,Hyd,-112.53
2003,Kids,Lifestyle,Blazer Mid,L,,9673.57,,0,4/10/2024,Online,Pune,3376.85
2004,Kids,Running,React Infinity,XL,,,,0,9/12/2024,Retail,Delhi,187.89
2006,Men,Training,SuperRep Go,M,,6819.78,,0,4/6/2025,Online,Bangalore,1802.09
2010,Kids,Lifestyle,Waffle One,L,1,7949.83,,0,1/16/2025,Online,Pune,1965.56
2020,Kids,Soccer,Tiempo Legend,L,-1,,0.67,0,3/28/2025,Retail,Mumbai,439.96
2021,Men,Running,Free RN,L,-1,7086.7,0.66,-2409.48,11/19/2024,Retail,Hyd,-1120.49
2022,Women,Soccer,Premier III,M,,,,0,9/24/2024,Online,Pune,3427.16
2023,Men,Lifestyle,Waffle One,M,,5003.95,,0,10/1/2025,Online,Mumbai,1498.37
2024,Kids,Training,SuperRep Go,XL,0,,0.5,0,12/28/2024,Retail,Bangalore,1842.35
2026,Kids,Lifestyle,Blazer Mid,XL,1,,0.16,0,8/10/2024,Retail,Kolkata,2301.64
2030,Men,Soccer,Phantom GT,XL,,,1.05,0,7/14/2025,Retail,Hyd,-122.93
2032,Women,Lifestyle,Blazer Mid,XL,1,,1.07,0,11/4/2025,Retail,Mumbai,-555.16
2039,Women,Training,Flex Trainer,M,,2767.7,0.63,0,4/22/2025,Retail,hyderbad,-336.3
2002,Women,Basketball,Zoom Freak,XL,3,5075.22,,0,7/3/2025,Retail,Delhi,145.08
2042,Women,Basketball,Kyrie Flytrap,L,,,,0,4/19/2025,Online,hyderbad,-862.16
2043,Men,Soccer,Premier III,XL,,3492.89,0.77,0,5/2/2024,Retail,Delhi,3770.75
2045,Kids,Lifestyle,Dunk Low,XL,4,,,0,4/6/2025,Retail,Delhi,1833.94
2048,Women,Basketball,Air Jordan,XL,,,,0,10/27/2024,Online,Bangalore,2875.86
2051,Women,Basketball,Air Jordan,XL,,,0.37,0,1/5/2024,Retail,Delhi,3135.98
2053,Men,Lifestyle,Air Force 1,XL,3,6009.58,,0,10/2/2024,Online,Delhi,3384.92
2055,Men,Basketball,Kyrie Flytrap,L,,,,0,10/26/2024,Online,hyderbad,-1078.76
2056,Men,Running,React Infinity,L,3,,,0,5/31/2024,Retail,Bangalore,-244.44
2048,Men,Lifestyle,Waffle One,M,3,6216.29,0.94,1118.93,9/14/2024,Online,Mumbai,-642.02
2060,Men,Lifestyle,Waffle One,L,2,7979.26,,0,7/11/2024,Online,bengaluru,2821.59
2061,Women,Basketball,LeBron 20,L,,,,0,10/9/2024,Online,Mumbai,-501.68
2063,Women,Basketball,Air Jordan,M,1,9751,0.16,8190.84,6/9/2024,Retail,Pune,1130.31
2064,Kids,Running,React Infinity,L,2,7557.71,,0,3/2/2025,Online,Bangalore,3277.44
2066,Men,Soccer,Phantom GT,XL,-1,5259.05,,0,12/10/2024,Online,Mumbai,1022.82
2067,Kids,Basketball,LeBron 20,L,4,3588.38,,0,6/5/2025,Online,Kolkata,161.5
2071,Kids,Lifestyle,Blazer Mid,M,3,7849.81,0.49,12010.21,1/12/2025,Retail,Pune,-882.96
2075,Kids,Basketball,Air Jordan,L,4,4251.74,,0,7/14/2025,Online,Pune,2345.35
2077,Men,Training,ZoomX Invincible,L,,,,0,11/21/2023,Online,Pune,3332.66
2079,Men,Running,Pegasus Turbo,XL,-1,4322.06,,0,1/19/2025,Online,bengaluru,279.78
2080,Men,Lifestyle,Blazer Mid,L,,,,0,3/31/2025,Online,Bangalore,-1005.89
2084,Men,Training,Metcon 7,M,2,,,0,12/24/2023,Online,Mumbai,408.39
2086,Men,Soccer,Mercurial Superfly,L,0,,0.45,0,10/11/2024,Online,Kolkata,1742.66
2088,Women,Running,Free RN,XL,4,,,0,4/26/2025,Online,Bangalore,2702.93
2089,Women,Training,Flex Trainer,L,2,6874.77,0.6,5499.82,2/12/2024,Online,Mumbai,-1076.66
2095,Men,Lifestyle,Waffle One,M,,,,0,10/16/2024,Online,Delhi,880.57
2096,Men,Running,Pegasus Turbo,XL,2,,,0,12/24/2024,Online,Kolkata,288.66
2098,Men,Training,ZoomX Invincible,L,,5690.69,0.69,0,1/24/2024,Online,hyderbad,98.3
2099,Kids,Soccer,Mercurial Superfly,M,2,,0.32,0,1/2/2025,Retail,Mumbai,360.97
2101,Kids,Running,Free RN,XL,,2010.07,,0,7/3/2025,Online,Hyderabad,3398.01
2102,Women,Soccer,Mercurial Superfly,XL,-1,,0.77,0,10/4/2025,Online,Pune,284.17
2103,Women,Basketball,LeBron 20,XL,-1,6777.88,,0,1/8/2025,Online,Kolkata,469.61
2107,Women,Running,React Infinity,M,4,,,0,8/30/2024,Online,Hyd,-184.69
2108,Kids,Lifestyle,Air Force 1,XL,,,0.27,0,11/15/2024,Retail,Mumbai,-338.77
2109,Kids,Basketball,Zoom Freak,M,0,,,0,1/29/2025,Retail,Kolkata,3791.88
2113,Women,Basketball,Air Jordan,XL,,3939.34,,0,12/19/2023,Retail,Pune,2918.93
2117,Women,Training,SuperRep Go,L,0,7645.96,,0,10/30/2024,Online,Pune,2037.43
2118,Kids,Basketball,Zoom Freak,XL,2,8426.54,,0,9/21/2023,Online,hyderbad,2696.85
2000,Kids,Running,React Infinity,M,-1,,,0,11/20/2023,Retail,Kolkata,929.75
2123,Men,Running,Air Zoom,L,,,,0,9/15/2024,Retail,Hyd,2195.52
2124,Kids,Basketball,Kyrie Flytrap,L,,6436.11,1.24,0,4/7/2025,Online,Kolkata,432.04
2125,Women,Soccer,Tiempo Legend,M,,,,0,10/12/2024,Retail,Hyderabad,1051.22
2126,Kids,Running,Pegasus Turbo,L,-1,5399.58,,0,12/14/2024,Retail,Pune,2508.34
2127,Men,Training,Metcon 7,L,-1,4020.5,,0,8/19/2023,Online,Mumbai,3718.37
2133,Men,Training,Metcon 7,XL,,6789.53,,0,10/10/2024,Retail,Pune,-166.81
2134,Men,Training,ZoomX Invincible,M,,4738.62,,0,6/8/2024,Online,Hyderabad,1009.28
2135,Men,Basketball,Zoom Freak,L,2,9106.61,0.74,4735.44,11/3/2024,Retail,hyderbad,2422.38
2136,Kids,Training,ZoomX Invincible,L,1,,,0,9/15/2024,Online,Pune,3672.24
2139,Women,Basketball,Air Jordan,M,,,,0,6/19/2025,Retail,Mumbai,-334.52
2140,Men,Basketball,Zoom Freak,M,,6765.74,,0,4/28/2025,Online,Bangalore,-875.45
2143,Kids,Training,ZoomX Invincible,L,-1,,,0,3/10/2025,Online,Delhi,1006.66
2146,Kids,Basketball,Air Jordan,XL,,,1.12,0,2/15/2025,Retail,Mumbai,-908.85
2147,Women,Soccer,Phantom GT,XL,-1,,,0,9/14/2024,Online,Hyderabad,-426.53
2150,Women,Basketball,LeBron 20,M,2,3313.21,0.48,3445.74,6/7/2025,Online,bengaluru,3221.62
2151,Kids,Soccer,Tiempo Legend,L,4,5619.75,,0,5/27/2025,Online,bengaluru,2000.85
2154,Kids,Lifestyle,Blazer Mid,XL,,2963.16,,0,4/1/2025,Online,Bangalore,2381.85
2156,Men,Soccer,Tiempo Legend,M,0,,,0,8/31/2024,Online,Pune,-286.07
2158,Women,Running,React Infinity,M,-1,,0.5,0,1/28/2025,Online,Mumbai,514.79
2160,Kids,Running,Air Zoom,XL,,,,0,3/1/2025,Retail,Mumbai,3744.91
2165,Kids,Training,SuperRep Go,L,4,4577.65,,0,11/11/2024,Retail,Kolkata,2460.19
2166,Women,Lifestyle,Air Force 1,M,,7312.38,,0,1/2/2025,Online,Mumbai,3364.05
2170,Kids,Lifestyle,Air Force 1,M,0,,,0,6/28/2025,Online,Kolkata,3218.82
2022,Women,Lifestyle,Air Force 1,L,,9378.52,1.06,0,10/29/2023,Retail,Mumbai,128.92
2172,Women,Training,ZoomX Invincible,M,,7988.99,1.2,0,12/17/2024,Online,bengaluru,-909.86
2173,Men,Running,Free RN,L,-1,6620.78,,0,3/29/2025,Online,Bangalore,3770.03
2177,Women,Lifestyle,Waffle One,XL,,,,0,6/27/2025,Retail,Mumbai,885.37
2179,Women,Training,ZoomX Invincible,M,3,,,0,1/26/2024,Retail,Pune,3135.92
2180,Women,Basketball,LeBron 20,XL,,,,0,5/15/2024,Online,Pune,2189.84
2181,Women,Lifestyle,Air Force 1,XL,2,,,0,1/6/2025,Retail,Delhi,419.58
2185,Women,Training,ZoomX Invincible,XL,4,4207.44,0.59,6900.2,6/8/2025,Online,Kolkata,-615.48
2187,Men,Running,React Infinity,L,,7795.32,,0,9/11/2024,Online,Mumbai,2402.99
2189,Men,Training,SuperRep Go,L,3,,0.9,0,10/2/2024,Online,Hyd,3628.46
2192,Men,Basketball,Kyrie Flytrap,XL,-1,,,0,10/13/2023,Retail,Delhi,554.91
2193,Women,Lifestyle,Waffle One,XL,-1,,1.24,0,1/17/2025,Retail,Delhi,1803.66
2194,Men,Soccer,Mercurial Superfly,M,,6196.01,,0,10/27/2024,Online,hyderbad,926.03
2196,Kids,Soccer,Premier III,L,2,2708.73,,0,6/30/2025,Online,Delhi,925.63
2197,Kids,Training,ZoomX Invincible,L,3,,,0,10/6/2024,Online,bengaluru,-418.5
2202,Men,Basketball,Kyrie Flytrap,M,-1,7918.93,1.06,475.14,7/4/2025,Retail,Bangalore,1994.42
2205,Women,Running,React Infinity,XL,0,,,0,4/24/2025,Retail,Pune,-467.52
2210,Men,Lifestyle,Blazer Mid,XL,,,,0,9/8/2024,Retail,Kolkata,701.02
2212,Women,Lifestyle,Blazer Mid,L,,7670.82,,0,9/23/2024,Online,Kolkata,-87.95
2215,Men,Basketball,Zoom Freak,XL,3,,0.36,0,12/16/2024,Online,Kolkata,3254.06
2217,Women,Lifestyle,Waffle One,L,,,,0,4/15/2025,Retail,Delhi,2190.84
2220,Kids,Training,SuperRep Go,M,,,,0,9/9/2024,Online,Kolkata,890.14
2221,Kids,Lifestyle,Waffle One,L,2,3375.97,,0,1/6/2024,Retail,Mumbai,-297.05
2222,Men,Training,ZoomX Invincible,XL,2,8897.19,0.11,15837,12/21/2024,Retail,Mumbai,2821.69
2223,Kids,Training,Flex Trainer,M,-1,9180.15,,0,2/15/2025,Online,Kolkata,799.28
2229,Men,Running,Air Zoom,XL,,7143.23,,0,3/26/2025,Retail,Mumbai,3284.36
2232,Women,Running,Free RN,XL,,2149.28,0.32,0,11/17/2024,Online,Kolkata,2409.87
2237,Kids,Training,Metcon 7,M,,5089.88,,0,6/26/2025,Online,Mumbai,-238.18
2239,Men,Training,SuperRep Go,XL,,,,0,8/4/2024,Online,Kolkata,1750.71
2240,Kids,Basketball,Air Jordan,M,,9520.5,0.48,0,1/22/2025,Retail,Kolkata,-928.85
2243,Men,Lifestyle,Blazer Mid,L,,9747.58,,0,7/11/2024,Retail,Delhi,266.31
2246,Kids,Basketball,LeBron 20,L,-1,7806.98,,0,2/10/2024,Online,Hyderabad,-943.35
2248,Men,Training,Metcon 7,M,4,8249.96,0.24,25079.88,1/16/2024,Online,bengaluru,1625.14
2249,Men,Training,Flex Trainer,M,,7730.77,,0,5/28/2024,Online,Delhi,-692.94
2250,Men,Basketball,Kyrie Flytrap,XL,,,,0,10/1/2024,Retail,Pune,821.13
2253,Men,Training,Flex Trainer,M,0,,,0,5/18/2025,Online,bengaluru,1516.72
2254,Women,Basketball,LeBron 20,M,,,0.89,0,4/24/2025,Online,Hyd,1642
2255,Kids,Basketball,LeBron 20,XL,,2222.55,0.84,0,4/6/2025,Retail,Mumbai,586.56
2257,Men,Basketball,Kyrie Flytrap,XL,1,,,0,2/9/2025,Online,Mumbai,-365.42
2258,Women,Lifestyle,Dunk Low,L,,,0.39,0,11/21/2023,Online,Mumbai,2824.7
2259,Women,Soccer,Mercurial Superfly,M,,,,0,10/20/2024,Retail,Delhi,2323.89
2260,Women,Lifestyle,Dunk Low,M,2,,,0,12/12/2024,Retail,Pune,-352.18
2262,Women,Running,Pegasus Turbo,L,0,,,0,9/15/2024,Retail,Pune,3146.93
2263,Women,Soccer,Premier III,M,0,5172.14,,0,10/8/2024,Online,Kolkata,2510.55
2266,Women,Basketball,LeBron 20,L,,,,0,7/19/2025,Retail,Kolkata,3475.59
2267,Women,Running,Air Zoom,M,-1,3075.72,,0,12/20/2024,Retail,Kolkata,238.78
2268,Men,Soccer,Mercurial Superfly,M,3,7330.81,,0,11/16/2023,Online,Kolkata,518.71
2270,Men,Running,React Infinity,XL,1,,1.03,0,6/6/2025,Retail,Pune,3088.25
2038,Women,Training,ZoomX Invincible,XL,1,7338.57,,0,10/21/2024,Retail,Delhi,3680.24
2273,Kids,Running,Free RN,M,-1,4004.36,,0,1/30/2024,Online,Kolkata,-614.66
2275,Kids,Running,Pegasus Turbo,M,-1,,,0,3/7/2025,Online,Pune,-783.71
2276,Kids,Lifestyle,Air Force 1,L,-1,6066.5,,0,8/29/2023,Retail,Kolkata,1181.87
2277,Kids,Basketball,LeBron 20,M,,3682.84,,0,12/28/2024,Online,hyderbad,3967.77
2280,Women,Soccer,Mercurial Superfly,M,-1,,,0,2/13/2025,Online,Delhi,3069.57
2281,Kids,Lifestyle,Waffle One,M,2,,,0,7/13/2025,Retail,Kolkata,1753.48
2284,Kids,Soccer,Mercurial Superfly,M,,,0.53,0,8/10/2024,Online,Kolkata,1370.01
2290,Women,Training,Flex Trainer,L,,,,0,10/20/2024,Online,Kolkata,546.66
2292,Women,Running,Free RN,M,2,,1.1,0,5/11/2024,Online,Kolkata,1192.5
2293,Women,Basketball,Air Jordan,XL,3,,,0,5/13/2025,Retail,Mumbai,2525.87
2297,Kids,Basketball,LeBron 20,M,,6356.31,0.74,0,12/31/2024,Online,Pune,454.97
2300,Men,Basketball,Air Jordan,L,3,6331.64,0.78,4178.88,8/17/2024,Retail,Delhi,3380.28
2301,Men,Soccer,Mercurial Superfly,XL,,7982.2,,0,12/29/2024,Online,Pune,-505.58
2302,Women,Running,Air Zoom,XL,0,,,0,2/27/2025,Retail,Hyd,1489.99
2303,Kids,Running,Free RN,L,2,2504.09,,0,12/24/2024,Retail,Hyd,2971.55
2307,Women,Running,Free RN,XL,2,9369.1,,0,6/18/2025,Retail,Kolkata,2390.7
2004,Kids,Lifestyle,Dunk Low,M,,,0.6,0,2/23/2025,Retail,bengaluru,-276.83
2310,Men,Running,Air Zoom,XL,,,,0,4/2/2025,Online,Kolkata,-1061.45
2026,Women,Training,Flex Trainer,M,4,,0.26,0,9/25/2024,Online,Delhi,495.62
2314,Women,Soccer,Mercurial Superfly,M,2,,0.86,0,9/12/2024,Retail,Mumbai,1505.11
2315,Men,Basketball,Kyrie Flytrap,M,,9149.88,0.71,0,12/11/2024,Retail,Hyderabad,143.06
2317,Men,Training,Flex Trainer,M,,9695.44,1.06,0,9/13/2024,Online,Kolkata,32.45
2319,Women,Basketball,Kyrie Flytrap,L,-1,5649.99,,0,6/29/2025,Online,Delhi,2141.68
2320,Kids,Running,Pegasus Turbo,XL,,4033.28,,0,1/23/2025,Retail,Hyd,1265.74
2322,Women,Running,Pegasus Turbo,L,0,8016.24,,0,7/4/2025,Retail,Delhi,1333.86
2324,Women,Soccer,Mercurial Superfly,M,0,,0.21,0,2/27/2025,Online,Kolkata,2640.1
2325,Men,Basketball,Zoom Freak,M,0,8031.83,0.56,0,5/18/2025,Online,Kolkata,3954.38
2326,Women,Lifestyle,Dunk Low,XL,4,9936.94,,0,10/12/2024,Retail,Kolkata,2047.65
2327,Men,Training,Flex Trainer,XL,4,6640.67,,0,3/21/2025,Retail,Delhi,3402.41
2329,Men,Basketball,Kyrie Flytrap,L,4,4981.26,,0,5/6/2025,Online,Mumbai,1833.07
2330,Women,Training,Flex Trainer,XL,,,0.06,0,10/22/2024,Online,Mumbai,-648.08
2331,Kids,Basketball,Kyrie Flytrap,L,,9023.07,,0,11/23/2024,Retail,Mumbai,-304.92
2334,Women,Training,SuperRep Go,L,4,,0.82,0,6/6/2024,Retail,Mumbai,-80.25
2335,Women,Running,Free RN,XL,0,5620.64,,0,1/5/2024,Online,Mumbai,217.22
2342,Women,Training,Metcon 7,XL,,,,0,8/19/2024,Retail,Kolkata,3463.09
2347,Men,Training,Flex Trainer,L,,9653.35,,0,9/21/2024,Retail,Bangalore,3511.89
2348,Kids,Training,Metcon 7,XL,,6591.41,,0,4/29/2025,Retail,Delhi,2604.68
2352,Men,Basketball,LeBron 20,M,,,,0,3/24/2025,Online,Bangalore,599.21
2354,Men,Basketball,Kyrie Flytrap,L,0,,,0,9/6/2024,Online,hyderbad,1445.09
2355,Women,Lifestyle,Waffle One,L,1,,,0,7/26/2024,Retail,bengaluru,-887.83
2356,Men,Basketball,Air Jordan,L,,,,0,2/17/2025,Retail,Pune,543.26
2357,Women,Lifestyle,Air Force 1,M,,,1.23,0,4/28/2025,Retail,Bangalore,-1199.32
2358,Men,Basketball,LeBron 20,M,4,,,0,2/24/2025,Online,Pune,1819.6
2360,Women,Training,Metcon 7,XL,,,0.85,0,7/12/2024,Online,hyderbad,1947.5
2361,Kids,Training,Flex Trainer,L,0,,1.06,0,7/30/2024,Retail,Mumbai,1302.98
2362,Women,Lifestyle,Blazer Mid,XL,2,,1.04,0,12/9/2024,Online,bengaluru,3817.26
2363,Kids,Running,Pegasus Turbo,XL,,5419.15,1.08,0,1/7/2025,Retail,hyderbad,-597.61
2366,Kids,Lifestyle,Waffle One,M,,,0.63,0,5/8/2025,Retail,Bangalore,3737.47
2367,Kids,Lifestyle,Dunk Low,XL,4,6202.99,0.84,3969.91,11/12/2024,Online,Bangalore,-202.12
2368,Women,Lifestyle,Waffle One,L,,5582.98,,0,8/4/2023,Retail,Delhi,2369.28
2369,Men,Basketball,LeBron 20,XL,0,4248.21,0.5,0,11/7/2025,Online,Hyderabad,2427.86
2370,Men,Running,Pegasus Turbo,L,2,,,0,2/4/2025,Online,Delhi,867.37
2373,Women,Lifestyle,Air Force 1,XL,,8637.25,0.35,0,9/22/2024,Retail,Kolkata,2738.82
2006,Women,Basketball,Zoom Freak,L,-1,8799.22,,0,8/13/2023,Retail,Bangalore,-1109.57
2376,Men,Lifestyle,Dunk Low,XL,,3718.82,0.88,0,10/3/2024,Online,Delhi,-234.66
2378,Women,Basketball,LeBron 20,XL,-1,,,0,4/11/2024,Retail,Mumbai,2107.42
2379,Men,Lifestyle,Air Force 1,L,4,,,0,4/9/2024,Online,Mumbai,3289.77
2380,Men,Soccer,Phantom GT,M,1,7932.85,,0,9/12/2024,Retail,Delhi,2707.27
2381,Kids,Lifestyle,Dunk Low,M,3,4834.65,1.02,-290.08,10/12/2024,Retail,Pune,213.96
2382,Men,Lifestyle,Waffle One,L,4,,,0,3/9/2024,Retail,Mumbai,787.42
2386,Men,Basketball,Kyrie Flytrap,M,,2271.77,,0,7/13/2025,Online,Pune,2029.55
2388,Kids,Running,Air Zoom,L,1,5321.46,,0,9/2/2024,Retail,Bangalore,2587.26
2389,Women,Basketball,Kyrie Flytrap,XL,0,7901.16,0.77,0,10/8/2024,Online,Delhi,-406.39
2390,Kids,Lifestyle,Waffle One,XL,-1,,,0,5/24/2025,Online,Delhi,496.54
2002,Women,Training,ZoomX Invincible,XL,4,6820.42,,0,10/3/2024,Retail,Kolkata,3842.85
2394,Kids,Lifestyle,Air Force 1,XL,,,0.2,0,8/18/2023,Online,Delhi,-133.03
2395,Kids,Soccer,Premier III,XL,1,,,0,7/8/2025,Online,Pune,85
2396,Men,Basketball,Air Jordan,L,,5967.92,0.03,0,9/6/2025,Retail,Pune,859.93
2397,Men,Soccer,Phantom GT,XL,,,,0,12/27/2023,Retail,Mumbai,3996.96
2399,Women,Running,Air Zoom,L,-1,6188.29,,0,8/7/2024,Retail,Pune,515.6
2025,Kids,Training,ZoomX Invincible,XL,4,6743.07,,0,10/9/2024,Online,Pune,-277.41
2403,Women,Running,React Infinity,XL,,,1.13,0,8/24/2024,Retail,Delhi,1309.54
2404,Men,Lifestyle,Blazer Mid,XL,,,0.09,0,1/25/2024,Online,Pune,-501.36
2406,Men,Training,Metcon 7,L,4,6458.72,,0,9/17/2023,Online,Mumbai,402
2408,Men,Soccer,Premier III,XL,1,,,0,10/9/2024,Retail,bengaluru,1731.86
2409,Men,Basketball,Zoom Freak,M,,,,0,1/19/2025,Retail,bengaluru,2993.72
2414,Women,Basketball,Air Jordan,XL,,8141.8,,0,1/25/2024,Online,Hyd,-829.35
2418,Men,Soccer,Phantom GT,XL,,9288.75,0.54,0,4/29/2025,Retail,Mumbai,3110.43
2419,Men,Lifestyle,Dunk Low,L,,8738.99,0.47,0,7/14/2024,Online,Hyderabad,2868.49
2421,Women,Running,React Infinity,M,2,8136.39,,0,3/10/2025,Retail,Pune,3398.15
2425,Kids,Training,ZoomX Invincible,XL,,,0.38,0,12/30/2024,Online,bengaluru,3058.78
2426,Kids,Lifestyle,Dunk Low,M,,2278.67,0.56,0,5/3/2025,Retail,Pune,-72.52
2429,Kids,Lifestyle,Dunk Low,L,,,,0,5/25/2025,Online,Mumbai,550.48
2431,Women,Lifestyle,Blazer Mid,L,1,,,0,11/15/2024,Online,Hyderabad,1627.78
2432,Women,Basketball,Zoom Freak,L,1,3036.61,0.86,425.13,10/26/2024,Online,Mumbai,3754.3
2434,Kids,Training,Metcon 7,M,-1,3019.25,0.79,-634.04,2/11/2025,Online,Hyderabad,387.15
2435,Kids,Lifestyle,Waffle One,XL,,5853.58,,0,4/1/2024,Retail,Kolkata,2378.82
2437,Women,Running,Pegasus Turbo,XL,3,,0.53,0,7/31/2024,Retail,hyderbad,-281.42
2439,Men,Lifestyle,Blazer Mid,L,-1,3239.59,,0,3/3/2025,Retail,Bangalore,3467.1
2440,Women,Basketball,Kyrie Flytrap,XL,-1,7510.8,,0,12/11/2024,Retail,Kolkata,2989.6
2442,Men,Soccer,Tiempo Legend,L,,,0.04,0,1/26/2025,Online,Mumbai,3083.26
2443,Women,Basketball,LeBron 20,M,1,6271.66,,0,3/15/2025,Retail,Mumbai,2449.43
2444,Women,Lifestyle,Blazer Mid,XL,3,3676.04,,0,5/25/2025,Retail,Pune,1621.74
2445,Women,Basketball,Air Jordan,XL,,,,0,2/12/2024,Online,Kolkata,141.93
2447,Kids,Lifestyle,Waffle One,XL,,,,0,5/4/2024,Online,Kolkata,1291.8
2003,Women,Lifestyle,Waffle One,XL,2,8516.45,0.22,13285.66,9/30/2023,Online,Kolkata,1764.52
2454,Women,Soccer,Tiempo Legend,XL,,,0.19,0,2/25/2025,Online,Bangalore,3100.44
2456,Women,Soccer,Premier III,M,0,4254.68,,0,3/15/2025,Retail,Kolkata,3498.64
2459,Kids,Basketball,Air Jordan,M,,3572.52,,0,4/20/2024,Retail,Kolkata,-404.04
2460,Women,Basketball,Zoom Freak,XL,2,5482.96,0.35,7127.85,11/4/2024,Online,Kolkata,-823.8
2037,Women,Running,React Infinity,XL,,,,0,10/4/2024,Online,Delhi,438.39
2464,Women,Lifestyle,Blazer Mid,XL,3,2699.59,,0,6/30/2024,Retail,Hyderabad,3507.56
2467,Kids,Training,SuperRep Go,M,1,8484.82,,0,11/5/2023,Online,Mumbai,1899.54
2469,Men,Training,Metcon 7,XL,4,,1.08,0,5/21/2025,Retail,Mumbai,-279.26
2470,Men,Soccer,Mercurial Superfly,L,,,,0,7/11/2024,Online,Delhi,1099.17
2472,Men,Basketball,LeBron 20,L,,2255.65,,0,4/5/2025,Online,Mumbai,560.7
2474,Kids,Training,Metcon 7,M,,,,0,12/21/2024,Retail,Delhi,115.11
2475,Men,Running,Free RN,L,2,,1.06,0,1/7/2025,Online,bengaluru,3885.97
2477,Women,Training,ZoomX Invincible,M,,5923.67,,0,9/30/2024,Online,hyderbad,-177.68
2480,Men,Basketball,Kyrie Flytrap,M,,,,0,8/20/2024,Retail,Pune,25.18
2482,Men,Lifestyle,Air Force 1,XL,,,,0,9/14/2024,Online,Mumbai,2642.8
2485,Kids,Running,Air Zoom,M,,9307.2,,0,12/17/2024,Online,Hyderabad,16.06
2487,Men,Running,Air Zoom,L,3,5881.13,0.8,3528.68,3/31/2025,Online,hyderbad,2108.4
2490,Women,Soccer,Premier III,L,3,5015.19,0.75,3761.39,11/26/2024,Online,hyderbad,-494.53
2491,Kids,Soccer,Phantom GT,M,,8998.44,,0,5/28/2025,Online,bengaluru,-432.44
2496,Kids,Running,React Infinity,M,2,4110.72,0.32,5590.58,12/24/2024,Retail,bengaluru,3894.95
2497,Kids,Basketball,Air Jordan,XL,1,,,0,11/29/2023,Online,Mumbai,2592.98
2499,Women,Soccer,Premier III,L,,8347.87,,0,6/7/2024,Retail,hyderbad,1488.3
2501,Women,Lifestyle,Air Force 1,L,,6453.36,,0,4/6/2025,Retail,Kolkata,2321.06
2502,Women,Basketball,Kyrie Flytrap,M,0,,,0,9/10/2023,Retail,Mumbai,2412.82
2503,Women,Training,ZoomX Invincible,XL,-1,,,0,1/20/2025,Online,Bangalore,-173.16
2507,Men,Soccer,Phantom GT,L,2,,,0,3/13/2024,Retail,hyderbad,2116.53
2509,Men,Running,React Infinity,L,,,,0,11/23/2024,Online,bengaluru,1086.09
2513,Women,Basketball,Zoom Freak,XL,4,9848.8,,0,10/11/2024,Online,Pune,2764.66
2514,Kids,Basketball,Air Jordan,M,1,,,0,5/26/2025,Online,bengaluru,1790.41
2518,Women,Basketball,Air Jordan,L,,,1.03,0,7/3/2024,Retail,Delhi,-703.61
2519,Women,Running,React Infinity,L,,9701.72,,0,11/10/2024,Online,Hyd,-835.82
2521,Kids,Lifestyle,Blazer Mid,M,4,3645.35,,0,9/25/2024,Online,Kolkata,3265.83
2522,Men,Running,Pegasus Turbo,XL,4,6243.91,,0,2/13/2024,Retail,Kolkata,-199.13
2523,Men,Basketball,LeBron 20,M,,7007.6,,0,7/8/2024,Retail,Kolkata,2068.49
2524,Women,Lifestyle,Air Force 1,XL,,,,0,11/21/2024,Online,Kolkata,997.53
2525,Women,Training,Metcon 7,XL,2,,,0,2/18/2025,Retail,Kolkata,3453.18
2527,Men,Lifestyle,Air Force 1,XL,,7408.91,,0,3/18/2024,Online,Delhi,-138.78
2530,Women,Lifestyle,Dunk Low,M,2,4357.79,,0,2/27/2025,Retail,Mumbai,3936.13
2531,Men,Soccer,Premier III,XL,,,,0,9/4/2025,Online,Hyderabad,2875.41
2532,Men,Soccer,Tiempo Legend,L,,,,0,4/17/2025,Retail,Bangalore,72.78
2533,Women,Training,Flex Trainer,L,,,1.02,0,1/31/2024,Online,Mumbai,2155.46
2535,Men,Soccer,Tiempo Legend,XL,2,2786.84,0.21,4403.21,1/25/2025,Online,Mumbai,3345.36
2536,Kids,Running,Air Zoom,M,,2221.78,0.55,0,2/10/2024,Retail,Delhi,-1091.66
2537,Women,Lifestyle,Waffle One,M,,,,0,5/30/2025,Retail,Bangalore,2596.8
2539,Women,Running,Free RN,L,,,,0,2/26/2025,Online,bengaluru,3748.73
2540,Women,Lifestyle,Air Force 1,L,,8794.64,,0,1/9/2025,Online,Mumbai,-938.07
2541,Kids,Running,React Infinity,M,,,,0,5/19/2025,Retail,Mumbai,-1180.11
2545,Men,Training,Metcon 7,L,,,,0,4/26/2025,Retail,Bangalore,924.07
2546,Kids,Training,ZoomX Invincible,XL,,5179.57,,0,3/10/2024,Retail,Bangalore,2084.99
2547,Women,Soccer,Mercurial Superfly,M,1,3068.13,,0,8/7/2025,Retail,Kolkata,-586.29
2548,Kids,Running,Pegasus Turbo,L,,9557,,0,4/23/2025,Online,Delhi,3847.47
2550,Men,Soccer,Premier III,XL,1,6121.21,0.05,5815.15,9/8/2023,Online,Kolkata,2470.08
2554,Women,Training,Flex Trainer,M,1,6755.56,,0,1/13/2025,Retail,bengaluru,1002.19
2557,Men,Basketball,LeBron 20,M,3,,,0,9/11/2024,Retail,Kolkata,1115.74
2560,Kids,Basketball,Zoom Freak,M,2,,,0,1/16/2025,Retail,Delhi,3493.16
2561,Women,Soccer,Tiempo Legend,XL,,3642.21,,0,3/25/2024,Online,bengaluru,3900.7
2562,Kids,Training,ZoomX Invincible,L,1,,,0,12/21/2024,Retail,Mumbai,-79.1
2563,Men,Soccer,Mercurial Superfly,M,2,9443.35,0.54,8687.88,4/13/2025,Retail,Kolkata,2706.61
2564,Women,Basketball,LeBron 20,M,,,0.72,0,8/7/2023,Online,Delhi,1279.03
2565,Women,Lifestyle,Dunk Low,XL,4,3028.41,,0,9/18/2024,Online,Mumbai,1754.48
2567,Women,Running,Air Zoom,M,3,,,0,9/15/2024,Online,Pune,1162.3
2569,Women,Basketball,Air Jordan,L,2,9605.11,0.88,2305.23,8/24/2024,Online,hyderbad,128.89
2570,Men,Basketball,Air Jordan,L,,,,0,3/22/2025,Online,bengaluru,2986.69
2572,Men,Lifestyle,Waffle One,XL,-1,2729.99,0.76,-655.2,1/31/2024,Retail,Pune,1204.81
2575,Men,Training,Metcon 7,XL,2,3582.67,,0,7/3/2025,Online,hyderbad,1982.16
2577,Women,Running,Air Zoom,L,-1,5545.52,,0,11/16/2023,Retail,Mumbai,1185.56
2580,Kids,Training,Flex Trainer,M,1,2749.79,,0,6/12/2024,Retail,Kolkata,2978.85
2583,Men,Soccer,Tiempo Legend,M,,,,0,9/3/2024,Retail,Mumbai,3051.16
2586,Men,Running,Air Zoom,L,,,0.99,0,11/24/2024,Online,Mumbai,1146.73
2588,Kids,Basketball,LeBron 20,M,,,,0,7/19/2025,Online,Pune,2861.32
2589,Men,Training,Metcon 7,M,3,,,0,9/17/2024,Online,Kolkata,1429.18
2592,Women,Lifestyle,Blazer Mid,M,,,,0,10/13/2024,Retail,Mumbai,-907.48
2593,Men,Lifestyle,Dunk Low,L,,8747.18,,0,1/4/2025,Retail,Mumbai,2505.6
2594,Women,Training,ZoomX Invincible,XL,3,7944.34,0.67,7864.9,2/23/2024,Retail,hyderbad,1534.91
2595,Men,Basketball,LeBron 20,XL,0,,,0,2/23/2024,Retail,Delhi,420.27
2030,Men,Soccer,Mercurial Superfly,M,-1,,0.7,0,3/15/2025,Online,Pune,-1193.55
2600,Kids,Lifestyle,Air Force 1,M,3,,,0,4/11/2024,Online,Pune,803.62
2601,Women,Soccer,Tiempo Legend,XL,1,,,0,9/27/2024,Retail,Delhi,3739.4
2602,Kids,Running,Free RN,XL,2,3518.53,,0,11/17/2024,Online,Pune,3494.88
2603,Women,Running,Air Zoom,L,0,,,0,3/18/2025,Online,Hyd,-144.08
2606,Women,Lifestyle,Air Force 1,L,,4040.65,,0,6/4/2025,Retail,Mumbai,805.92
2609,Kids,Soccer,Premier III,M,,9649.28,,0,4/26/2025,Online,bengaluru,2712.88
2610,Women,Lifestyle,Blazer Mid,M,,8359.07,,0,5/6/2025,Online,Bangalore,167.72
2612,Women,Training,Flex Trainer,M,0,,,0,8/10/2023,Retail,Mumbai,507.1
2614,Women,Running,React Infinity,XL,,2265,,0,5/8/2024,Retail,Bangalore,2095.44
2615,Women,Soccer,Phantom GT,XL,3,3042.37,0.12,8031.86,3/24/2025,Online,Pune,2105.48
2616,Men,Lifestyle,Waffle One,XL,,,0.2,0,6/7/2024,Online,Kolkata,2788.41
2618,Kids,Lifestyle,Dunk Low,XL,,,,0,6/23/2025,Retail,Pune,3718.11
2619,Kids,Lifestyle,Waffle One,L,4,,0.65,0,1/22/2024,Online,Hyd,-300.28
2621,Kids,Soccer,Phantom GT,L,3,6466.57,0.59,7953.88,5/19/2024,Online,Bangalore,-1152.86
2622,Kids,Lifestyle,Blazer Mid,M,,8073.58,,0,7/4/2025,Online,Pune,-82.31
2623,Men,Running,Pegasus Turbo,L,,4658.42,,0,8/4/2025,Retail,Mumbai,1622.42
2625,Kids,Training,Flex Trainer,M,-1,6815.44,,0,2/5/2025,Online,Pune,3874.57
2628,Kids,Basketball,Kyrie Flytrap,L,4,,0.44,0,6/29/2025,Retail,Pune,-348.88
2629,Kids,Lifestyle,Waffle One,XL,,,,0,10/23/2024,Retail,Bangalore,1198.75
2632,Men,Running,Pegasus Turbo,L,-1,7504.2,0.99,-75.04,3/10/2024,Online,Pune,2413.42
2635,Women,Running,React Infinity,M,,3934.22,,0,2/28/2024,Online,Kolkata,430.63
2637,Kids,Training,SuperRep Go,L,,,,0,4/20/2025,Retail,Hyd,3847.48
2639,Men,Lifestyle,Blazer Mid,XL,,2597.93,,0,6/25/2025,Retail,Pune,374.95
2642,Women,Lifestyle,Air Force 1,XL,,,,0,5/17/2025,Retail,Pune,-785.16
2022,Kids,Training,ZoomX Invincible,L,3,,,0,11/27/2024,Retail,Mumbai,689.62
2646,Men,Soccer,Premier III,XL,1,,0.89,0,10/20/2024,Retail,Kolkata,2676.52
2648,Men,Running,React Infinity,L,,3477.49,0.54,0,3/6/2025,Retail,Delhi,3487.39
2649,Women,Basketball,Kyrie Flytrap,L,,6798.48,1.18,0,1/2/2025,Retail,Mumbai,2297.4
2651,Kids,Basketball,Air Jordan,L,1,,,0,10/27/2024,Online,Kolkata,-819.33
2653,Men,Running,Pegasus Turbo,M,,6178.85,1.04,0,10/12/2024,Online,Hyderabad,2550.88
2654,Kids,Soccer,Tiempo Legend,M,,,,0,7/21/2024,Online,Bangalore,2933.02
2657,Kids,Running,Air Zoom,M,4,,,0,4/7/2025,Online,Delhi,494.45
2658,Women,Lifestyle,Dunk Low,L,1,,,0,4/26/2025,Online,Delhi,155.53
2659,Kids,Basketball,LeBron 20,M,,9945.56,1.01,0,12/5/2025,Online,Hyd,-1116.54
2663,Kids,Training,Metcon 7,L,2,,0.43,0,6/17/2025,Retail,Delhi,3174.81
2664,Kids,Running,Pegasus Turbo,L,2,9103.08,,0,11/12/2024,Online,Mumbai,1726.8
2667,Women,Lifestyle,Air Force 1,XL,3,9367.66,,0,3/23/2025,Online,Delhi,-623.95
2668,Women,Training,ZoomX Invincible,M,,,0.45,0,12/20/2024,Retail,Bangalore,3138.32
2671,Kids,Running,Air Zoom,XL,,9264.49,,0,6/26/2025,Retail,Pune,491.18
2672,Women,Lifestyle,Air Force 1,XL,2,,,0,8/4/2024,Online,Mumbai,67.58
2679,Men,Training,Flex Trainer,M,,2758.08,0.04,0,7/5/2024,Online,Bangalore,2447.58
2682,Men,Basketball,LeBron 20,XL,4,,0.41,0,8/28/2024,Retail,Pune,3614.76
2683,Kids,Lifestyle,Dunk Low,XL,1,,,0,12/6/2025,Online,Mumbai,1119.71
2684,Men,Lifestyle,Blazer Mid,L,0,,0.73,0,11/4/2025,Retail,Mumbai,1556.61
2685,Kids,Lifestyle,Dunk Low,M,4,,,0,5/22/2025,Retail,Hyderabad,1377.72
2686,Women,Lifestyle,Blazer Mid,L,,9585.39,1.03,0,7/3/2025,Retail,Hyderabad,761.26
2031,Women,Soccer,Phantom GT,L,,,,0,7/12/2024,Online,Mumbai,3119.37
2692,Women,Training,Metcon 7,XL,,,0.47,0,6/2/2024,Online,Bangalore,2528.27
2694,Women,Training,Metcon 7,M,,,,0,7/25/2024,Online,hyderbad,-249.45
2695,Men,Basketball,Air Jordan,L,-1,,,0,12/10/2024,Online,hyderbad,3234.28
2696,Women,Lifestyle,Blazer Mid,L,,,1,0,11/22/2024,Online,Mumbai,66.43
2697,Men,Basketball,Air Jordan,M,-1,,0.09,0,6/25/2025,Online,Delhi,681.86
2699,Men,Lifestyle,Dunk Low,XL,0,,,0,2/21/2025,Online,Mumbai,1052.65
2700,Kids,Training,Metcon 7,XL,0,,0.48,0,7/11/2025,Retail,bengaluru,1423.83
2701,Men,Training,SuperRep Go,XL,,,,0,11/29/2024,Online,Delhi,2007.01
2702,Men,Basketball,Kyrie Flytrap,XL,0,,,0,12/16/2024,Online,Pune,687.32
2703,Kids,Running,Pegasus Turbo,L,,5214.32,,0,6/24/2025,Online,Kolkata,-637.13
2706,Women,Training,ZoomX Invincible,XL,0,,,0,8/5/2025,Retail,Kolkata,3153.1
2708,Kids,Basketball,Kyrie Flytrap,L,,4523.72,,0,10/14/2024,Online,hyderbad,-237.9
2712,Women,Running,Pegasus Turbo,XL,,,,0,7/22/2024,Retail,Delhi,3024.11
2713,Men,Lifestyle,Air Force 1,L,1,7877.36,0.55,3544.81,5/10/2025,Retail,Kolkata,3663.49
2715,Kids,Basketball,LeBron 20,L,0,,1.07,0,6/13/2025,Online,Kolkata,-1164.37
2716,Kids,Training,SuperRep Go,M,0,4830.96,,0,11/17/2024,Online,Pune,1344.73
2717,Men,Running,Free RN,M,0,9473.09,,0,11/17/2024,Online,Delhi,3055.36
2721,Kids,Training,Flex Trainer,L,0,,,0,11/11/2023,Online,Bangalore,1275.23
2722,Women,Lifestyle,Dunk Low,L,0,,0.09,0,9/30/2024,Online,Kolkata,818.65
2723,Women,Lifestyle,Dunk Low,XL,,3403.54,,0,3/10/2025,Online,Kolkata,221.41
2724,Women,Training,Flex Trainer,L,,8007.22,,0,1/16/2025,Online,Delhi,1190.2
2018,Kids,Soccer,Tiempo Legend,L,,,,0,2/15/2025,Retail,bengaluru,-701.28
2731,Kids,Lifestyle,Dunk Low,M,3,,,0,3/28/2025,Online,Kolkata,3961.27
2732,Women,Training,SuperRep Go,M,0,3402.8,,0,3/1/2025,Online,Hyderabad,1045.5
2733,Women,Running,Free RN,L,,6743.38,,0,11/22/2024,Online,Pune,1908.63
2735,Kids,Running,Free RN,XL,,,,0,8/5/2024,Online,Kolkata,928.63
2737,Kids,Basketball,Kyrie Flytrap,XL,,,,0,9/10/2024,Retail,Mumbai,144.37
2738,Women,Training,ZoomX Invincible,M,3,,0.39,0,5/11/2025,Retail,Pune,-712.53
2739,Kids,Running,Free RN,L,2,,0.26,0,2/4/2025,Online,Kolkata,2350.69
2741,Women,Training,SuperRep Go,L,,5241.9,,0,1/15/2025,Online,Hyderabad,-295.49
2742,Kids,Lifestyle,Blazer Mid,XL,,7063.25,,0,11/14/2024,Online,Mumbai,3746.48
2003,Women,Training,ZoomX Invincible,XL,4,7850.87,1.02,-628.07,4/1/2025,Online,Kolkata,992.14
2745,Men,Soccer,Phantom GT,XL,-1,,0.94,0,12/31/2024,Retail,hyderbad,501.65
2746,Women,Basketball,Air Jordan,L,-1,9795.69,,0,9/21/2024,Online,Mumbai,1044.46
2748,Men,Basketball,Kyrie Flytrap,XL,,,0.05,0,8/14/2024,Retail,Pune,1010.96
2751,Men,Basketball,Air Jordan,XL,,4776.83,,0,3/9/2025,Retail,Delhi,2857.99
2753,Men,Running,Pegasus Turbo,L,,,,0,12/2/2024,Retail,Kolkata,-364.23
2754,Kids,Training,ZoomX Invincible,XL,1,,,0,1/3/2025,Online,Kolkata,3565.12
2755,Men,Running,React Infinity,M,3,8574,,0,12/24/2024,Online,bengaluru,161.95
2765,Women,Soccer,Premier III,M,,6370.84,,0,6/24/2025,Online,Mumbai,1609.7
2767,Kids,Basketball,Zoom Freak,L,,6887.39,,0,7/21/2025,Online,Delhi,1562.76
2771,Men,Running,Pegasus Turbo,M,,5222.92,,0,5/26/2025,Online,Delhi,1804.67
2773,Women,Training,ZoomX Invincible,M,1,5045.62,1.21,-1059.58,2/4/2025,Online,hyderbad,1191.02
2776,Men,Training,Flex Trainer,L,,,,0,3/17/2025,Retail,Mumbai,1143.68
2784,Women,Basketball,Kyrie Flytrap,M,,,,0,1/28/2025,Online,Pune,2982.03
2785,Women,Lifestyle,Blazer Mid,L,2,,,0,10/20/2024,Retail,Hyderabad,-834.71
2788,Women,Soccer,Mercurial Superfly,M,,7478.84,,0,1/4/2024,Retail,Hyd,-18.4
2789,Kids,Lifestyle,Dunk Low,M,,,,0,1/15/2024,Retail,Kolkata,1756.75
2790,Kids,Running,React Infinity,XL,,,,0,8/17/2024,Retail,Delhi,2554.82
2791,Kids,Training,Metcon 7,M,,,,0,5/29/2024,Retail,Delhi,1194.43
2792,Kids,Lifestyle,Waffle One,L,-1,4338.16,,0,8/5/2025,Online,Kolkata,-328.05
2793,Men,Running,Pegasus Turbo,XL,0,,,0,10/12/2024,Retail,bengaluru,922.24
2802,Men,Running,Free RN,L,3,,,0,1/19/2024,Online,Kolkata,-231.73
2803,Women,Soccer,Mercurial Superfly,XL,0,,,0,11/2/2023,Online,hyderbad,83.11
2805,Women,Running,Pegasus Turbo,L,-1,,0.82,0,8/28/2023,Online,Pune,2037.76
2807,Kids,Training,ZoomX Invincible,L,2,,,0,1/10/2024,Online,hyderbad,875.36
2814,Kids,Running,React Infinity,M,0,,,0,10/7/2024,Online,Delhi,1702.06
2816,Men,Basketball,LeBron 20,M,3,5983.35,,0,1/22/2025,Retail,Hyderabad,916.13
2820,Women,Lifestyle,Blazer Mid,M,4,8659.15,,0,8/5/2024,Online,Mumbai,2078.39
2823,Men,Soccer,Mercurial Superfly,L,1,,,0,7/27/2024,Retail,Mumbai,-1125.91
2824,Men,Basketball,Air Jordan,L,4,5123.35,,0,11/2/2024,Online,Mumbai,1620.37
2827,Men,Basketball,Air Jordan,L,0,4278.28,1.17,0,1/27/2025,Retail,Hyderabad,860.32
2828,Women,Training,ZoomX Invincible,XL,,2095,,0,5/9/2024,Online,hyderbad,-831.4
2829,Men,Basketball,LeBron 20,XL,,,,0,7/17/2024,Online,Kolkata,2539.92
2833,Women,Training,Flex Trainer,XL,4,2224.9,,0,1/19/2025,Online,Pune,-16.04
2834,Kids,Training,Flex Trainer,M,-1,9544.08,,0,9/5/2024,Retail,Kolkata,575.58
2836,Men,Basketball,Kyrie Flytrap,L,0,9098.9,0.75,0,7/22/2025,Retail,Delhi,2729.87
2838,Women,Basketball,Air Jordan,XL,4,8605.73,,0,8/1/2025,Retail,Pune,-990.99
2050,Women,Lifestyle,Blazer Mid,L,-1,,,0,11/28/2024,Online,Kolkata,3407.87
2842,Women,Soccer,Phantom GT,M,-1,,,0,1/19/2025,Online,Bangalore,-1193.98
2846,Kids,Training,ZoomX Invincible,L,,2932.99,,0,10/29/2024,Online,Pune,-543.26
2847,Men,Training,Metcon 7,XL,0,,0.16,0,11/16/2024,Online,Bangalore,3988.85
2008,Men,Running,Air Zoom,XL,,,,0,7/25/2024,Retail,Mumbai,-639.42
2850,Kids,Lifestyle,Waffle One,XL,2,,,0,11/10/2024,Retail,Pune,458.86
2851,Kids,Lifestyle,Blazer Mid,XL,,2241.11,,0,12/28/2024,Online,Mumbai,1243.95
2853,Women,Basketball,Kyrie Flytrap,XL,,,,0,2/6/2025,Retail,hyderbad,3841.05
2856,Kids,Basketball,Kyrie Flytrap,M,,,1.14,0,10/12/2023,Online,Kolkata,3137.85
2860,Kids,Lifestyle,Air Force 1,XL,-1,7568.04,,0,4/7/2025,Retail,hyderbad,1365.3
2861,Kids,Training,ZoomX Invincible,XL,0,,,0,4/20/2025,Online,Pune,650.99
2868,Women,Running,React Infinity,M,,7379.45,,0,10/23/2024,Retail,Delhi,-688.14
2869,Kids,Soccer,Premier III,M,4,,,0,7/26/2024,Online,Pune,1550.3
2870,Kids,Training,Metcon 7,M,1,9633.68,,0,10/5/2024,Retail,Delhi,771.96
2871,Men,Training,Flex Trainer,M,1,2294.09,,0,7/22/2025,Retail,Bangalore,1002.21
2872,Men,Basketball,Kyrie Flytrap,M,,3953.13,,0,1/8/2024,Online,Kolkata,3414.32
2874,Women,Soccer,Mercurial Superfly,L,,,0.01,0,3/4/2024,Retail,Delhi,-109.71
2875,Women,Lifestyle,Dunk Low,L,4,7401.53,,0,9/16/2024,Retail,Bangalore,1559.28
2879,Kids,Basketball,Zoom Freak,M,,2831.62,,0,3/2/2025,Retail,bengaluru,1053.25
2886,Kids,Running,Free RN,XL,0,8164.32,0.94,0,8/19/2024,Retail,Pune,286.3
2887,Women,Lifestyle,Waffle One,L,,9292.33,,0,2/25/2024,Online,hyderbad,3747.95
2888,Kids,Running,Air Zoom,L,,8956.73,1.17,0,6/24/2025,Online,Pune,2320.49
2889,Women,Basketball,Zoom Freak,M,,,1.23,0,9/1/2024,Online,Hyd,2447.88
2890,Men,Soccer,Phantom GT,L,,,,0,5/23/2025,Retail,Bangalore,-147.78
2892,Women,Running,Free RN,M,4,,,0,11/24/2024,Online,bengaluru,-1195.79
2894,Women,Lifestyle,Air Force 1,L,,,,0,11/20/2024,Retail,hyderbad,1796.17
2899,Men,Basketball,LeBron 20,L,3,6531.36,,0,5/17/2025,Online,Mumbai,-91.78
2006,Men,Lifestyle,Waffle One,XL,2,,,0,9/26/2023,Retail,Mumbai,-716.79
2903,Men,Soccer,Phantom GT,M,,2735.54,,0,9/5/2024,Retail,Delhi,2944.26
2905,Men,Running,React Infinity,M,,5762.39,,0,7/15/2025,Retail,hyderbad,-584.1
2907,Men,Soccer,Premier III,L,,8432.5,,0,2/25/2024,Retail,Kolkata,3790.63
2908,Men,Running,Pegasus Turbo,M,,,0.53,0,11/22/2024,Retail,Hyd,-74
2909,Women,Running,Air Zoom,XL,,7617.75,0.33,0,8/20/2024,Retail,Pune,-186.9
2911,Kids,Basketball,Zoom Freak,M,,,,0,10/26/2023,Retail,Mumbai,927.88
2912,Kids,Running,React Infinity,XL,2,9839.63,0.98,393.59,3/7/2024,Online,bengaluru,1218.22
2914,Men,Soccer,Tiempo Legend,L,,7603.38,1.25,0,3/25/2025,Online,Mumbai,-950.86
2916,Kids,Lifestyle,Blazer Mid,XL,,,,0,8/5/2024,Retail,Hyderabad,-1121.25
2918,Men,Training,SuperRep Go,M,,,,0,11/7/2024,Retail,Mumbai,1398.13
2919,Men,Soccer,Premier III,M,,7323.53,,0,4/1/2025,Retail,Bangalore,488.37
2921,Kids,Training,Metcon 7,M,,9092.33,0.39,0,1/13/2025,Retail,Bangalore,2826.57
2922,Kids,Soccer,Tiempo Legend,XL,2,,1.2,0,1/16/2025,Online,Kolkata,3495.67
2929,Kids,Soccer,Tiempo Legend,M,,6589.95,,0,4/1/2024,Retail,Hyderabad,157.26
2930,Women,Basketball,Air Jordan,L,,,0.57,0,12/20/2024,Retail,Bangalore,819.42
2934,Women,Basketball,LeBron 20,XL,-1,2370.91,,0,3/14/2024,Online,Mumbai,3043.95
2935,Men,Lifestyle,Dunk Low,L,4,,,0,5/13/2024,Online,Hyd,478.07
2936,Women,Training,Flex Trainer,XL,1,6496.58,0.29,4612.57,7/31/2024,Retail,Pune,1933.1
2938,Kids,Soccer,Phantom GT,L,1,,,0,1/14/2025,Online,Delhi,2596.64
2940,Women,Soccer,Premier III,L,-1,8412.43,,0,5/6/2025,Retail,Hyd,-344.67
2941,Men,Lifestyle,Blazer Mid,XL,-1,9331.65,,0,5/2/2025,Retail,Kolkata,492.35
2947,Women,Lifestyle,Blazer Mid,XL,,4113.48,0.38,0,12/4/2024,Online,Mumbai,1604.63
2949,Men,Running,React Infinity,M,,,0.49,0,7/5/2025,Online,Delhi,698.79
2952,Kids,Training,SuperRep Go,XL,,5443.44,,0,9/13/2024,Retail,Kolkata,2237.39
2049,Men,Training,Metcon 7,M,2,,1.08,0,4/12/2024,Online,Bangalore,-400.59
2955,Kids,Basketball,LeBron 20,XL,,9846.09,0.12,0,7/30/2024,Retail,Kolkata,2250.93
2957,Men,Basketball,Zoom Freak,XL,,5348.89,0.47,0,11/19/2024,Online,Kolkata,753.26
2961,Kids,Soccer,Tiempo Legend,XL,,,,0,11/21/2024,Retail,Mumbai,665.39
2963,Kids,Training,Flex Trainer,XL,,,,0,10/6/2025,Retail,bengaluru,1172.39
2965,Men,Training,Metcon 7,XL,,2171.48,,0,4/28/2025,Retail,bengaluru,3079.48
2968,Kids,Training,Flex Trainer,XL,,5283.1,,0,1/24/2025,Retail,Bangalore,575.73
2969,Men,Training,ZoomX Invincible,M,,,,0,7/19/2025,Online,Pune,2323.02
2972,Women,Soccer,Phantom GT,M,,,,0,10/5/2024,Online,Kolkata,1995.69
2973,Kids,Soccer,Phantom GT,XL,,3347.42,,0,10/31/2024,Online,bengaluru,2234.16
2981,Kids,Soccer,Premier III,M,4,5185.52,,0,1/10/2025,Retail,Pune,2777.67
2982,Men,Lifestyle,Dunk Low,L,,,0.54,0,6/7/2025,Online,Kolkata,1541.73
2984,Men,Soccer,Phantom GT,XL,,4343.12,,0,9/6/2024,Online,Kolkata,3073.4
2986,Kids,Basketball,LeBron 20,M,,6877.77,0.09,0,4/10/2025,Online,Pune,2303.27
2987,Women,Soccer,Premier III,L,,,,0,8/8/2024,Online,Pune,2365.7
2009,Women,Lifestyle,Dunk Low,M,,6481.4,0.84,0,7/26/2024,Retail,bengaluru,522.93
2989,Men,Soccer,Mercurial Superfly,M,1,6429.61,,0,2/14/2024,Online,bengaluru,2459.52
2990,Kids,Basketball,Kyrie Flytrap,XL,,2601.99,,0,9/23/2024,Retail,Bangalore,570.47
2992,Men,Soccer,Premier III,L,,,,0,10/24/2024,Online,Kolkata,2276.99
2993,Men,Soccer,Premier III,M,4,,,0,10/13/2024,Retail,Hyd,1770.74
2043,Women,Lifestyle,Waffle One,L,-1,,,0,10/13/2024,Retail,Mumbai,497.69
3001,Men,Soccer,Premier III,L,,,,0,1/25/2024,Online,Delhi,-362.26
3003,Men,Basketball,Zoom Freak,XL,2,,,0,8/3/2023,Online,Bangalore,-646.26
3009,Men,Lifestyle,Waffle One,L,,,,0,8/15/2024,Online,Bangalore,3724.01
3013,Kids,Basketball,Zoom Freak,XL,4,,0.96,0,6/16/2025,Retail,Kolkata,1039.09
3016,Women,Running,Air Zoom,M,0,8931.44,,0,8/31/2024,Retail,bengaluru,868.59
3019,Women,Running,Free RN,XL,,9942.61,,0,12/19/2023,Retail,Kolkata,1316.3
3022,Kids,Training,ZoomX Invincible,L,-1,4318.48,,0,5/14/2025,Online,Delhi,271.37
3025,Kids,Lifestyle,Blazer Mid,L,4,,,0,8/25/2024,Retail,hyderbad,3005.88
3027,Women,Training,SuperRep Go,L,2,9593.27,,0,10/25/2024,Retail,Delhi,-1038.79
3028,Kids,Running,Air Zoom,L,4,5837.53,,0,1/29/2025,Retail,Kolkata,-471.86
3031,Kids,Soccer,Premier III,M,4,8588.14,,0,10/11/2023,Online,Kolkata,-117.68
3032,Men,Running,React Infinity,XL,0,,,0,1/16/2025,Online,Mumbai,450.75
3033,Men,Training,ZoomX Invincible,M,,9397.68,0.74,0,11/21/2024,Retail,Hyd,313.58
2033,Kids,Lifestyle,Waffle One,M,,,,0,1/22/2025,Online,Kolkata,-679.74
3038,Kids,Lifestyle,Air Force 1,M,0,4195.03,,0,1/27/2025,Retail,Delhi,1068.18
3040,Women,Lifestyle,Waffle One,XL,,,,0,8/12/2024,Online,Hyd,3833.04
3043,Men,Running,React Infinity,L,2,,,0,4/11/2025,Retail,Delhi,147.79
3051,Men,Training,Metcon 7,M,,,,0,7/28/2024,Online,bengaluru,166.42
3052,Kids,Running,React Infinity,M,,9448.34,0.78,0,3/3/2025,Online,Delhi,-871.1
3053,Women,Lifestyle,Air Force 1,L,,6323.09,1,0,9/18/2024,Retail,Mumbai,1283.62
3054,Men,Soccer,Premier III,M,,6667.47,,0,12/17/2024,Retail,Pune,-402.6
3058,Men,Soccer,Phantom GT,M,-1,8048.66,,0,8/1/2023,Retail,Kolkata,3860.59
3059,Women,Running,React Infinity,L,3,,1,0,6/19/2025,Online,Hyderabad,3692.43
3060,Women,Running,Free RN,L,,,,0,9/9/2024,Retail,Bangalore,-1137.29
3063,Kids,Running,Air Zoom,M,2,9676.61,,0,4/20/2025,Online,Mumbai,3674.74
3066,Kids,Training,ZoomX Invincible,L,,,,0,3/1/2024,Online,Mumbai,1383.01
3068,Kids,Lifestyle,Air Force 1,L,4,4867.07,1.21,-4088.34,5/25/2025,Online,Delhi,2863.56
3069,Men,Training,Metcon 7,L,1,,1.23,0,4/13/2025,Online,Hyd,-6.91
3075,Kids,Soccer,Premier III,L,,,0.91,0,5/28/2025,Retail,Mumbai,3594.94
3078,Men,Running,Free RN,M,1,2555.18,,0,9/14/2024,Online,Delhi,1820.38
3079,Women,Running,React Infinity,L,,,,0,1/10/2024,Retail,bengaluru,2815.43
3082,Men,Training,Metcon 7,L,-1,,,0,8/11/2024,Online,Delhi,-65.96
3083,Kids,Training,ZoomX Invincible,XL,,8535.31,,0,8/29/2024,Retail,Delhi,1159.57
3087,Kids,Lifestyle,Waffle One,M,3,2765.77,,0,8/1/2025,Retail,bengaluru,2785.94
3089,Women,Basketball,Zoom Freak,XL,,8399.35,,0,5/31/2025,Online,Mumbai,2967.22
3092,Kids,Training,Metcon 7,L,,3005.37,,0,9/3/2025,Retail,Kolkata,-288.77
3095,Men,Running,Free RN,L,,9297.64,0.16,0,2/16/2025,Retail,Delhi,36.7
3097,Men,Lifestyle,Blazer Mid,L,,,0.5,0,1/24/2025,Online,hyderbad,3419.32
3098,Women,Basketball,Kyrie Flytrap,M,,5562.46,,0,4/14/2025,Retail,Kolkata,1090.52
3099,Women,Lifestyle,Waffle One,L,,8462.09,0.08,0,10/21/2024,Online,Mumbai,1720.4
3102,Kids,Basketball,LeBron 20,M,,,,0,6/18/2025,Retail,bengaluru,-1117.98
3104,Men,Running,Free RN,L,0,7734.26,0.47,0,9/2/2025,Online,Bangalore,1921.82
3105,Women,Soccer,Phantom GT,L,4,,0.57,0,11/30/2024,Online,Pune,3176.71
3108,Kids,Soccer,Phantom GT,M,-1,,0.38,0,12/16/2024,Online,Mumbai,1350.25
3110,Men,Running,React Infinity,L,,8431.55,,0,10/13/2024,Retail,Mumbai,3977.41
3114,Women,Running,React Infinity,L,1,7627.37,,0,3/27/2025,Retail,bengaluru,2752.18
3116,Kids,Basketball,Zoom Freak,M,3,,0.06,0,11/21/2024,Retail,Kolkata,-236.15
3117,Men,Basketball,Air Jordan,M,,6435.2,,0,9/21/2024,Retail,Delhi,-1181.06
3123,Kids,Running,Free RN,L,,9804.78,,0,5/26/2025,Online,Pune,-965.5
3125,Kids,Soccer,Phantom GT,XL,2,,0.7,0,3/10/2025,Online,Bangalore,1561.59
3127,Men,Training,ZoomX Invincible,XL,1,4614.33,0.47,2445.59,10/7/2024,Online,Pune,-440.44
3129,Kids,Basketball,Kyrie Flytrap,XL,,5732.66,,0,1/30/2024,Retail,Delhi,3187.59
3130,Men,Basketball,Air Jordan,XL,,3015.02,,0,5/16/2025,Online,Pune,2868.91
3133,Kids,Soccer,Mercurial Superfly,L,,,0.77,0,4/15/2024,Retail,Delhi,88.55
3134,Men,Basketball,Air Jordan,L,,,0.19,0,5/14/2025,Retail,Delhi,31.3
3135,Women,Soccer,Mercurial Superfly,XL,3,4009.47,1.21,-2525.97,8/28/2024,Online,Pune,2434.87
3138,Kids,Lifestyle,Blazer Mid,L,,3911.84,0.42,0,9/11/2024,Online,Hyderabad,3601.48
3140,Women,Lifestyle,Blazer Mid,L,,,1.03,0,11/19/2023,Retail,Bangalore,3855.21
3142,Kids,Soccer,Phantom GT,XL,,,,0,12/10/2024,Online,Delhi,2520.02
3146,Women,Soccer,Premier III,XL,1,,,0,12/29/2024,Retail,Hyd,1087.27
3151,Men,Lifestyle,Air Force 1,L,,,,0,7/19/2025,Online,Kolkata,2968.24
3154,Kids,Running,Free RN,L,2,,0.95,0,4/21/2025,Online,Delhi,-1100.45
3156,Women,Soccer,Phantom GT,XL,,6700.68,,0,11/1/2025,Retail,Mumbai,611.81
3160,Women,Basketball,Air Jordan,M,,,,0,7/25/2024,Retail,Delhi,888.87
3162,Men,Soccer,Tiempo Legend,XL,2,,,0,2/24/2024,Online,Pune,1686.78
3165,Women,Soccer,Phantom GT,XL,2,2530.29,0.29,3593.01,2/17/2025,Online,Kolkata,3264.03
3169,Men,Lifestyle,Blazer Mid,M,,,1.15,0,10/10/2024,Retail,Delhi,-744.54
3170,Men,Training,Flex Trainer,L,,,,0,5/15/2025,Online,Pune,-367.73
3173,Women,Soccer,Premier III,XL,,,,0,4/11/2024,Retail,Pune,1560.81
3180,Men,Basketball,Zoom Freak,XL,,,0.65,0,5/3/2025,Online,Pune,1603.13
3184,Men,Training,ZoomX Invincible,M,,,0.42,0,10/15/2024,Online,Mumbai,-760.63
3188,Kids,Lifestyle,Air Force 1,L,,8024.17,0.6,0,9/2/2025,Retail,Pune,2328.33
3189,Men,Basketball,LeBron 20,L,3,6730.48,0.33,13528.26,2/8/2025,Online,Kolkata,1456.87
3191,Kids,Soccer,Mercurial Superfly,L,4,,,0,4/2/2025,Retail,Pune,2709.18
3192,Kids,Running,Free RN,M,1,,,0,3/16/2025,Online,Pune,2055.67
3194,Kids,Training,SuperRep Go,M,-1,,,0,10/21/2023,Online,Hyderabad,896.94
3206,Kids,Basketball,Kyrie Flytrap,L,-1,4694.72,0.58,-1971.78,3/25/2024,Retail,Bangalore,3611.24
3209,Women,Training,Flex Trainer,M,,,0.17,0,8/20/2024,Retail,bengaluru,1986.27
3211,Women,Lifestyle,Blazer Mid,L,,8346.17,0.82,0,8/2/2024,Retail,Kolkata,1368.59
3212,Kids,Soccer,Mercurial Superfly,M,4,7670.57,,0,10/5/2024,Retail,Kolkata,2025.11
3213,Men,Running,Air Zoom,XL,,,,0,12/28/2024,Online,Kolkata,3221.7
3214,Kids,Lifestyle,Dunk Low,XL,,,,0,11/9/2024,Online,Kolkata,-857.15
3215,Men,Soccer,Phantom GT,XL,,,,0,2/20/2024,Online,Kolkata,2109.68
3216,Men,Basketball,Air Jordan,XL,,,,0,8/14/2023,Online,Mumbai,2508.13
3219,Women,Basketball,Air Jordan,XL,,2277.83,1.04,0,3/17/2025,Online,Delhi,1151.76
3222,Kids,Basketball,Air Jordan,XL,-1,5300.32,,0,10/8/2024,Online,Bangalore,2593.48
3225,Kids,Basketball,Kyrie Flytrap,L,,7364.6,,0,12/20/2023,Retail,Kolkata,-458.05
3228,Kids,Basketball,LeBron 20,XL,,6745.63,,0,4/19/2025,Retail,bengaluru,3620.9
3231,Men,Lifestyle,Dunk Low,L,,6406.53,0.9,0,12/17/2024,Online,Kolkata,2859.55
3233,Men,Soccer,Phantom GT,M,1,4091.68,,0,4/26/2025,Retail,Hyd,571.8
3234,Kids,Soccer,Phantom GT,XL,,,,0,5/14/2025,Online,Delhi,327.76
3237,Kids,Basketball,LeBron 20,L,3,5596.52,,0,8/16/2024,Retail,Mumbai,2926.28
3241,Women,Basketball,LeBron 20,XL,,7477.49,,0,2/12/2024,Retail,Bangalore,3176.2
3242,Men,Basketball,LeBron 20,L,,9677.18,0.59,0,8/24/2024,Retail,bengaluru,609.45
3243,Men,Lifestyle,Air Force 1,L,3,,,0,10/25/2024,Retail,Pune,1943.22
3244,Women,Training,Metcon 7,M,0,,,0,3/13/2025,Online,hyderbad,1750.18
3245,Women,Running,React Infinity,L,3,,,0,5/19/2024,Retail,Pune,3102.91
3249,Kids,Lifestyle,Blazer Mid,M,1,4738.25,,0,2/25/2025,Online,bengaluru,731.1
3250,Women,Lifestyle,Air Force 1,L,,,,0,9/18/2024,Online,Pune,1172.07
3255,Kids,Basketball,Air Jordan,XL,-1,6975.67,,0,2/3/2025,Online,Bangalore,960.65
3261,Men,Basketball,Air Jordan,XL,,,,0,11/26/2024,Online,Hyd,472.79
3263,Women,Running,React Infinity,L,4,,,0,2/23/2025,Online,Mumbai,2278.12
3265,Women,Soccer,Mercurial Superfly,M,4,,,0,9/22/2024,Retail,Bangalore,2860.71
3268,Men,Soccer,Mercurial Superfly,L,,,,0,7/11/2025,Retail,Mumbai,1586.4
3269,Women,Soccer,Mercurial Superfly,M,,7268.31,,0,12/3/2024,Online,Mumbai,-719.57
3270,Kids,Lifestyle,Dunk Low,XL,,,,0,6/3/2025,Online,Pune,3619.8
3273,Women,Soccer,Phantom GT,M,-1,5527.7,0.17,-4587.99,2/4/2024,Online,bengaluru,2577.59
3274,Men,Training,SuperRep Go,L,3,6031.14,0.15,15379.41,3/5/2025,Retail,hyderbad,169.05
3275,Women,Soccer,Premier III,L,4,,,0,5/27/2025,Retail,Hyd,1652.12
3278,Kids,Lifestyle,Dunk Low,L,,,,0,1/6/2025,Retail,Pune,107.83
3279,Kids,Soccer,Mercurial Superfly,XL,4,2572.41,0.1,9260.68,11/9/2024,Retail,Delhi,3098.28
3280,Kids,Training,SuperRep Go,XL,-1,7709.7,,0,10/12/2024,Online,Mumbai,663.54
3282,Kids,Basketball,Air Jordan,XL,4,,0.23,0,5/19/2024,Retail,Delhi,-190.17
3283,Men,Soccer,Premier III,XL,2,,,0,10/18/2024,Online,Mumbai,3871.51
3285,Men,Training,Metcon 7,XL,4,,,0,5/10/2024,Online,Hyderabad,-401.38
3289,Men,Training,Metcon 7,M,-1,,,0,9/13/2024,Online,Pune,-878.7
3292,Women,Training,Metcon 7,M,,,,0,5/23/2025,Online,Hyd,2299.04
3297,Men,Lifestyle,Air Force 1,L,,5875.99,,0,7/2/2025,Online,Delhi,3803.18
3300,Women,Basketball,Air Jordan,L,2,,,0,12/18/2024,Retail,Bangalore,3436.23
3302,Women,Soccer,Tiempo Legend,M,,6226.74,,0,5/12/2025,Retail,Pune,-316.51
3304,Women,Running,React Infinity,M,,,0.65,0,11/15/2024,Online,Mumbai,2405.3
3306,Kids,Basketball,LeBron 20,L,,,0.25,0,7/30/2024,Retail,Mumbai,3052.49
3307,Women,Soccer,Mercurial Superfly,M,,7127.99,,0,12/8/2024,Online,Mumbai,818.55
3310,Women,Running,Free RN,M,4,,0.21,0,4/18/2025,Retail,Kolkata,2856.16
3311,Kids,Soccer,Premier III,M,0,,0.04,0,2/5/2025,Online,Delhi,3152.21
3312,Women,Basketball,Zoom Freak,M,1,8069.3,,0,5/25/2025,Retail,Pune,-95.96
3316,Women,Running,React Infinity,L,,,1.02,0,4/25/2024,Online,bengaluru,27.15
3318,Men,Training,Flex Trainer,XL,,,,0,4/11/2025,Online,Delhi,1096.06
3319,Women,Running,Air Zoom,XL,,6109.1,0.37,0,9/28/2024,Retail,Mumbai,-846.73
3321,Kids,Soccer,Tiempo Legend,M,4,4986.67,1.07,-1396.27,1/15/2025,Retail,Mumbai,3170.16
3322,Men,Training,Metcon 7,M,,,,0,8/28/2023,Online,Hyderabad,864.55
3325,Kids,Basketball,LeBron 20,L,,,,0,11/6/2024,Online,Hyderabad,1115.7
3326,Men,Training,SuperRep Go,M,,,0.88,0,5/30/2025,Online,Mumbai,991.04
3329,Kids,Training,ZoomX Invincible,M,,,,0,4/28/2024,Retail,Kolkata,530.29
3334,Kids,Soccer,Tiempo Legend,L,3,2471.71,,0,11/14/2023,Online,Mumbai,1190.89
3336,Kids,Running,React Infinity,XL,,4334.53,,0,3/31/2025,Online,Hyd,2759.16
3337,Men,Training,ZoomX Invincible,L,4,,,0,10/10/2024,Online,Delhi,2915.13
3338,Women,Training,ZoomX Invincible,L,,,1.24,0,9/6/2025,Online,Kolkata,3011.73
3340,Kids,Soccer,Premier III,M,3,3248.74,,0,12/29/2024,Retail,Mumbai,2551.47
3343,Kids,Basketball,Air Jordan,L,3,9405.77,,0,12/11/2024,Retail,hyderbad,1688.78
3350,Women,Basketball,Zoom Freak,L,,,0.48,0,5/28/2025,Online,Bangalore,2199.43
3354,Men,Lifestyle,Dunk Low,L,,,0.4,0,1/11/2024,Retail,Kolkata,-987.6
3356,Women,Soccer,Tiempo Legend,M,4,,,0,3/13/2025,Online,Mumbai,724.11
3357,Kids,Training,Flex Trainer,M,4,6206.45,0.5,12412.9,4/5/2025,Online,Delhi,678.42
3358,Men,Basketball,Kyrie Flytrap,M,,,0.43,0,8/1/2024,Online,Hyd,2019.56
3360,Women,Training,Metcon 7,M,4,,0.06,0,7/31/2024,Online,Bangalore,304.12
3362,Men,Lifestyle,Air Force 1,L,,,,0,3/10/2024,Retail,Delhi,2730.12
3364,Kids,Soccer,Premier III,M,,,0.24,0,11/9/2024,Online,Pune,-371.86
3366,Men,Basketball,LeBron 20,M,,,,0,12/15/2024,Retail,Pune,2762.68
2029,Kids,Training,Metcon 7,L,,6548.87,0.2,0,11/20/2024,Online,Kolkata,3640.6
3368,Women,Training,Flex Trainer,M,,,,0,4/14/2025,Retail,Delhi,2027.47
3369,Men,Running,React Infinity,L,,5103.34,0.05,0,9/27/2024,Online,Kolkata,1247.02
3370,Women,Basketball,Air Jordan,XL,,3328.45,,0,7/5/2025,Retail,bengaluru,-1137.54
3371,Men,Training,Flex Trainer,XL,1,2636.01,,0,4/26/2025,Retail,Delhi,2255.43
3372,Kids,Basketball,Kyrie Flytrap,M,,,0.77,0,2/24/2025,Online,Delhi,-1088.45
3374,Men,Training,Flex Trainer,M,4,4500.96,,0,12/16/2024,Online,Pune,1905.25
3375,Kids,Running,Free RN,M,0,2134.23,,0,11/22/2024,Online,Bangalore,1647.39
3382,Men,Basketball,LeBron 20,XL,2,9187.23,,0,10/1/2025,Retail,Hyd,1710.15
3383,Women,Lifestyle,Air Force 1,XL,,,,0,12/8/2024,Retail,Bangalore,3793.87
3389,Women,Running,Air Zoom,M,3,9764.91,,0,4/4/2025,Online,Mumbai,3491.49
3391,Women,Soccer,Mercurial Superfly,M,2,,,0,11/14/2023,Retail,hyderbad,1628.31
3393,Kids,Basketball,Air Jordan,M,,,0.68,0,6/8/2025,Online,Bangalore,1329.32
3394,Kids,Lifestyle,Dunk Low,XL,1,,,0,11/3/2024,Online,hyderbad,2396.11
3395,Women,Running,Free RN,L,3,,,0,1/15/2025,Online,Mumbai,3069.77
3398,Men,Basketball,LeBron 20,XL,2,2082.49,,0,8/27/2023,Retail,Kolkata,415.57
3400,Kids,Lifestyle,Waffle One,M,,,0.23,0,11/10/2024,Retail,hyderbad,703.25
3403,Kids,Training,Flex Trainer,M,,,,0,10/30/2024,Retail,Pune,-200.19
3404,Kids,Basketball,Zoom Freak,XL,,,,0,5/4/2025,Online,Pune,1505.06
3405,Women,Lifestyle,Dunk Low,M,0,9986.17,1.04,0,1/4/2025,Online,Kolkata,1861.72
3408,Men,Basketball,Air Jordan,XL,,,,0,2/28/2025,Retail,Delhi,1675.58
3409,Kids,Running,Air Zoom,M,1,6312.01,0.3,4418.41,8/9/2024,Retail,Delhi,-1106.07
3413,Kids,Soccer,Phantom GT,XL,2,,,0,7/31/2023,Online,hyderbad,2752.65
3415,Kids,Basketball,Air Jordan,L,-1,6165.08,,0,3/6/2024,Online,Hyderabad,-426.97
3416,Men,Soccer,Phantom GT,XL,,8954.59,0.33,0,4/6/2025,Retail,Hyd,-819.45
3417,Men,Basketball,LeBron 20,XL,,5700.61,,0,3/30/2025,Online,Kolkata,-409.81
3421,Women,Basketball,Zoom Freak,L,,,,0,7/12/2024,Online,hyderbad,-242.44
3422,Kids,Training,Metcon 7,XL,,3197.01,,0,1/18/2024,Retail,Hyderabad,2432.76
3423,Kids,Basketball,Kyrie Flytrap,L,2,,,0,6/8/2024,Retail,Mumbai,106
3424,Women,Training,SuperRep Go,M,,7007.84,0.32,0,11/2/2025,Online,Mumbai,1955.19
3431,Women,Training,Metcon 7,L,-1,,0.96,0,1/10/2024,Retail,Delhi,3816.31
3432,Kids,Basketball,Kyrie Flytrap,XL,,,,0,3/6/2025,Online,Kolkata,-640.44
2028,Kids,Lifestyle,Waffle One,XL,0,,0.95,0,2/1/2025,Online,Delhi,2511.65
3434,Kids,Basketball,Air Jordan,XL,,8741.65,,0,10/21/2024,Online,Delhi,570.25
3436,Kids,Soccer,Mercurial Superfly,L,,,,0,6/11/2025,Retail,Bangalore,2107.65
3437,Kids,Soccer,Tiempo Legend,M,,,,0,5/10/2024,Retail,Mumbai,-113.52
3442,Kids,Basketball,Zoom Freak,XL,4,,,0,1/21/2025,Online,Mumbai,3129.5
3444,Men,Basketball,LeBron 20,L,,,,0,7/4/2025,Online,Kolkata,-382.31
3447,Women,Basketball,LeBron 20,M,,,,0,5/14/2025,Retail,Hyderabad,1860.15
3450,Men,Running,React Infinity,M,3,,,0,1/16/2024,Retail,bengaluru,904.82
3467,Men,Lifestyle,Air Force 1,M,2,,,0,3/13/2025,Online,bengaluru,1472.83
3470,Kids,Soccer,Tiempo Legend,M,,,,0,11/2/2025,Online,Kolkata,284.96
3471,Kids,Lifestyle,Waffle One,L,0,5637.46,,0,2/4/2025,Retail,Kolkata,-364.01
3472,Men,Basketball,Air Jordan,XL,,,,0,8/31/2024,Online,hyderbad,1750.67
3473,Kids,Soccer,Premier III,M,4,3551.05,,0,12/5/2024,Online,Delhi,63.47
3475,Kids,Soccer,Tiempo Legend,L,1,2120.44,,0,7/29/2024,Online,Mumbai,2996.47
3477,Men,Basketball,Air Jordan,M,2,4135.26,,0,4/25/2025,Online,Delhi,1691.28
3479,Women,Training,ZoomX Invincible,XL,4,,,0,9/16/2024,Retail,Mumbai,1909.78
3481,Women,Lifestyle,Air Force 1,XL,4,,,0,10/15/2023,Online,bengaluru,2564.61
3482,Men,Soccer,Mercurial Superfly,M,,,,0,8/19/2024,Online,Hyderabad,1660.47
3483,Men,Lifestyle,Air Force 1,L,4,4733.92,,0,12/4/2024,Online,Kolkata,738.19
3486,Kids,Training,SuperRep Go,L,4,,,0,10/14/2024,Retail,Delhi,1451.77
3487,Men,Lifestyle,Dunk Low,M,,3240.99,0.42,0,5/28/2025,Online,Hyd,2927.35
3488,Women,Soccer,Tiempo Legend,XL,4,,,0,3/12/2025,Online,Kolkata,86.25
3490,Men,Running,Free RN,L,0,,0.98,0,7/8/2025,Online,Delhi,1591.77
3491,Men,Soccer,Premier III,XL,,,0.39,0,10/19/2024,Online,Mumbai,-473.94
3495,Women,Basketball,LeBron 20,M,-1,,,0,8/13/2024,Retail,Pune,3572.8
3496,Men,Running,Air Zoom,M,3,,0.77,0,10/8/2024,Retail,Delhi,-786.91
3497,Women,Basketball,Zoom Freak,L,2,8688.92,,0,8/12/2024,Online,Mumbai,1878.22
3498,Women,Training,SuperRep Go,M,0,8797.69,,0,10/9/2024,Retail,Pune,-910.3
3500,Kids,Lifestyle,Blazer Mid,L,,5471.81,0.56,0,3/25/2025,Retail,Kolkata,361.86
3502,Men,Lifestyle,Blazer Mid,L,,6418.29,0.89,0,11/9/2023,Online,Delhi,3665.75
3503,Men,Training,SuperRep Go,M,,6992.17,,0,11/16/2024,Online,Mumbai,-1048.24
2020,Kids,Lifestyle,Blazer Mid,XL,,7126.64,0.89,0,5/10/2025,Retail,Delhi,535.13
3510,Men,Soccer,Tiempo Legend,M,,,,0,4/17/2025,Retail,Hyderabad,3445.21
3511,Kids,Lifestyle,Blazer Mid,XL,,3248.17,0.06,0,2/15/2025,Retail,Hyderabad,877.12
3512,Kids,Basketball,Zoom Freak,M,4,,0.96,0,5/6/2025,Retail,Pune,2516.79
3518,Women,Basketball,Air Jordan,XL,,,,0,8/14/2024,Retail,Delhi,3047.69
3520,Women,Lifestyle,Waffle One,XL,2,2080.85,1.24,-998.81,3/22/2024,Retail,Delhi,-776.21
3528,Kids,Running,React Infinity,L,,3742.67,,0,8/21/2024,Retail,hyderbad,2662.77
3529,Men,Training,SuperRep Go,L,1,,0.2,0,3/28/2025,Retail,Delhi,1448.77
3532,Kids,Running,React Infinity,XL,,9244.96,0.47,0,5/7/2024,Online,Mumbai,-955.19
3533,Kids,Running,Air Zoom,L,,,,0,11/5/2023,Retail,Hyd,451.71
3535,Kids,Basketball,LeBron 20,XL,,6302.89,0.82,0,12/24/2024,Retail,Pune,169.86
3537,Men,Lifestyle,Blazer Mid,XL,2,5464.07,1.01,-109.28,6/15/2025,Online,Kolkata,3170.78
3538,Kids,Basketball,Kyrie Flytrap,L,0,,,0,12/12/2024,Online,bengaluru,2787.81
3540,Kids,Training,Flex Trainer,XL,-1,9564.4,,0,5/16/2025,Retail,Delhi,1850.13
3541,Kids,Training,SuperRep Go,M,-1,3644.5,,0,4/9/2024,Online,Mumbai,2011.76
3552,Men,Running,React Infinity,XL,4,,,0,5/17/2025,Retail,Mumbai,762.95
3553,Women,Running,Air Zoom,XL,2,5216.27,,0,6/25/2025,Online,Pune,-720.87
3556,Women,Basketball,Kyrie Flytrap,M,4,,,0,3/13/2025,Retail,Kolkata,-843.61
3557,Kids,Basketball,Air Jordan,L,1,,0.66,0,8/9/2024,Retail,Hyderabad,-884.81
3558,Women,Training,Flex Trainer,L,4,4045.21,,0,8/30/2024,Online,Mumbai,-113.44
3565,Kids,Basketball,Kyrie Flytrap,XL,,,0.55,0,8/27/2024,Online,Kolkata,3851.81
3566,Men,Lifestyle,Waffle One,XL,,,,0,12/12/2024,Retail,Hyd,2315.64
3574,Kids,Basketball,Air Jordan,XL,0,,0.96,0,1/13/2025,Online,Bangalore,2589
3575,Women,Running,React Infinity,XL,0,5716.18,1.1,0,3/7/2025,Retail,Pune,3271.27
3576,Women,Lifestyle,Waffle One,M,2,3533.18,,0,3/17/2024,Retail,bengaluru,-586.23
3577,Women,Running,Pegasus Turbo,XL,0,,,0,10/19/2024,Online,Kolkata,102.77
3579,Men,Basketball,LeBron 20,XL,0,9995.55,,0,2/3/2025,Retail,Delhi,1962.41
3581,Women,Soccer,Phantom GT,L,4,,,0,12/23/2024,Retail,Kolkata,2178.05
3582,Kids,Soccer,Mercurial Superfly,M,,2117.04,,0,9/1/2024,Online,Pune,806.52
3585,Men,Running,Air Zoom,XL,,,0.52,0,5/3/2025,Retail,Kolkata,1263.91
3586,Women,Lifestyle,Waffle One,L,,,,0,12/14/2024,Online,Delhi,3579.64
3588,Men,Lifestyle,Waffle One,L,,7808.46,,0,8/29/2024,Online,Pune,3190.87
3592,Women,Running,Free RN,L,,8609.05,,0,6/15/2025,Retail,Kolkata,1289.77
3595,Kids,Running,Air Zoom,L,,6890.68,,0,9/5/2023,Online,Pune,3385.84
3602,Men,Soccer,Tiempo Legend,XL,-1,,,0,7/28/2024,Online,Pune,3731.9
3605,Men,Soccer,Phantom GT,M,2,8837.76,,0,1/9/2025,Online,Hyderabad,1627.87
3606,Women,Basketball,LeBron 20,XL,3,3515.86,,0,2/14/2025,Retail,Pune,-511.49
3608,Men,Soccer,Premier III,XL,,,,0,6/14/2025,Retail,Delhi,-610.18
3609,Men,Training,SuperRep Go,XL,,,,0,3/11/2024,Online,Delhi,-696.69
3612,Women,Running,Air Zoom,XL,1,4632,,0,6/22/2025,Online,Mumbai,2397.42
3613,Men,Lifestyle,Blazer Mid,XL,4,,,0,8/16/2024,Online,hyderbad,2136.73
3614,Men,Training,ZoomX Invincible,L,,6186.3,0.22,0,9/17/2024,Online,Pune,2169.69
3616,Kids,Lifestyle,Blazer Mid,L,1,9799.16,,0,1/7/2025,Retail,Kolkata,3969.15
3619,Kids,Lifestyle,Air Force 1,L,0,8915.88,,0,2/7/2025,Online,Kolkata,824.23
3621,Women,Basketball,LeBron 20,L,,9699.01,,0,4/20/2025,Retail,Mumbai,3858.11
3623,Men,Lifestyle,Waffle One,XL,,,0.75,0,6/24/2025,Retail,Mumbai,1980.48
3625,Kids,Soccer,Tiempo Legend,XL,,,,0,3/2/2025,Retail,Kolkata,849.98
3634,Men,Lifestyle,Waffle One,L,,,1.06,0,8/7/2025,Online,Kolkata,3717.46
3635,Men,Training,SuperRep Go,M,2,,,0,3/22/2025,Retail,Bangalore,3656.45
3636,Women,Soccer,Tiempo Legend,M,2,7881.53,,0,12/19/2023,Retail,Delhi,2615.73
3639,Men,Soccer,Mercurial Superfly,XL,,,0.43,0,1/5/2025,Online,Pune,2929.76
3640,Men,Training,Metcon 7,M,0,5219.18,,0,4/28/2025,Online,Delhi,309.65
3646,Men,Training,Flex Trainer,XL,3,,,0,4/21/2025,Online,Bangalore,2873.66
3647,Women,Basketball,LeBron 20,M,0,3263.64,,0,6/10/2024,Retail,Kolkata,3233.66
3648,Men,Soccer,Tiempo Legend,M,,,,0,1/8/2025,Online,bengaluru,3584.04
3649,Kids,Lifestyle,Blazer Mid,XL,0,6486.51,,0,10/19/2024,Online,Kolkata,2408.58
3650,Women,Soccer,Premier III,M,,,,0,1/7/2024,Retail,Delhi,-520.93
3651,Men,Training,SuperRep Go,M,,8891.63,1.07,0,12/17/2024,Retail,Delhi,-636.77
3652,Kids,Basketball,Air Jordan,XL,0,3176.7,,0,11/21/2023,Online,hyderbad,3349.8
3654,Women,Training,Metcon 7,L,3,,,0,10/9/2024,Retail,Pune,2395.74
3656,Men,Lifestyle,Waffle One,L,4,,,0,11/6/2025,Retail,Pune,3421.81
2033,Women,Running,React Infinity,M,,,0.8,0,7/23/2024,Retail,Delhi,437.17
3661,Kids,Training,ZoomX Invincible,XL,0,9979.38,,0,12/5/2024,Online,Delhi,2957.86
3663,Women,Training,SuperRep Go,L,,5604.03,,0,4/9/2025,Retail,Delhi,3359.81
3664,Women,Training,Flex Trainer,XL,,,1.22,0,4/20/2025,Retail,Mumbai,480.16
3668,Kids,Soccer,Premier III,XL,1,,,0,10/27/2024,Retail,Mumbai,795.86
3669,Women,Lifestyle,Blazer Mid,L,,2287.32,,0,8/27/2023,Online,Kolkata,3859.9
3674,Men,Lifestyle,Waffle One,XL,,,,0,4/18/2025,Online,Pune,1819.44
3680,Men,Training,Flex Trainer,XL,3,8835.41,0.92,2120.5,1/27/2025,Retail,Delhi,-746.28
3681,Men,Soccer,Phantom GT,L,,,0.95,0,9/4/2025,Online,Hyd,1838.69
3683,Women,Soccer,Premier III,L,2,,,0,5/15/2024,Retail,Kolkata,-4.26
3684,Kids,Soccer,Tiempo Legend,L,,3440.57,1.01,0,1/9/2024,Online,Hyd,3299.44
3685,Women,Basketball,Air Jordan,XL,,2633.72,,0,2/13/2025,Retail,Hyderabad,1668
3687,Women,Training,ZoomX Invincible,XL,-1,6216.27,,0,10/23/2024,Retail,Mumbai,2418.27
3688,Kids,Running,React Infinity,L,1,5048.98,,0,4/17/2025,Retail,Kolkata,1214.86
3689,Women,Soccer,Phantom GT,XL,,,,0,9/1/2024,Retail,Pune,1854.17
2028,Kids,Soccer,Phantom GT,M,2,,0.97,0,5/15/2025,Retail,Pune,2305.1
3696,Kids,Training,ZoomX Invincible,M,,6425.04,,0,11/9/2024,Retail,Kolkata,1966.58
3698,Women,Basketball,Zoom Freak,L,0,7268.55,0.34,0,2/18/2025,Retail,Delhi,219.99
3702,Men,Running,React Infinity,M,,,0.99,0,5/20/2025,Online,Pune,3398.32
3703,Men,Running,Air Zoom,M,,,,0,10/1/2024,Online,Mumbai,326.86
3706,Men,Running,Pegasus Turbo,M,1,9437.73,,0,9/3/2025,Retail,hyderbad,3271.38
3707,Kids,Lifestyle,Waffle One,L,4,9532.8,,0,2/1/2025,Online,Mumbai,732.26
3713,Men,Basketball,Zoom Freak,XL,,,0.68,0,10/30/2024,Retail,Pune,3271.73
3714,Kids,Soccer,Tiempo Legend,L,2,3568.35,,0,2/21/2025,Retail,Mumbai,2363.52
3715,Men,Lifestyle,Air Force 1,L,4,,,0,6/23/2025,Online,Bangalore,2774.43
3720,Men,Lifestyle,Blazer Mid,XL,,7365.14,,0,1/24/2025,Retail,Delhi,3369.92
3724,Kids,Basketball,LeBron 20,XL,2,,,0,1/22/2025,Online,bengaluru,-866.33
3727,Women,Basketball,Zoom Freak,L,,,0.6,0,12/17/2024,Retail,Delhi,1555.74
3729,Men,Running,Free RN,M,,,,0,6/2/2025,Retail,Hyderabad,2966.82
3731,Kids,Soccer,Phantom GT,L,,7038.04,,0,2/13/2025,Online,Delhi,301.9
3735,Kids,Basketball,LeBron 20,M,,2248.14,,0,9/19/2024,Online,bengaluru,3686.2
3741,Kids,Lifestyle,Air Force 1,L,2,8927.22,0.2,14283.55,7/13/2025,Retail,Kolkata,821.32
3743,Men,Training,Flex Trainer,M,,,0.2,0,8/23/2024,Retail,Kolkata,1370.17
3746,Kids,Lifestyle,Waffle One,M,,7490.78,,0,12/6/2024,Retail,Mumbai,2815.43
3752,Kids,Soccer,Mercurial Superfly,L,,9021.79,0.04,0,10/7/2024,Retail,Kolkata,2618.72
3754,Kids,Running,Free RN,L,3,4288.27,,0,9/29/2024,Online,bengaluru,828.22
3756,Men,Basketball,Kyrie Flytrap,XL,,,,0,10/1/2024,Retail,hyderbad,-289.63
3758,Kids,Running,Pegasus Turbo,M,3,4306.67,,0,5/10/2025,Retail,Delhi,-233.45
3761,Women,Basketball,Zoom Freak,L,4,2972.38,0.14,10224.99,11/18/2024,Online,Hyd,2569.74
3765,Kids,Running,Pegasus Turbo,M,3,,0.44,0,9/2/2024,Online,Hyderabad,3376.32
3768,Men,Soccer,Tiempo Legend,XL,,,1.15,0,3/10/2024,Retail,hyderbad,647.72
3770,Women,Running,Free RN,M,4,,0.36,0,2/3/2024,Retail,Mumbai,3784.67
3771,Kids,Basketball,Kyrie Flytrap,XL,-1,3388.26,,0,9/2/2024,Retail,Delhi,2376.36
3772,Women,Soccer,Mercurial Superfly,XL,3,8140.47,,0,11/23/2024,Retail,Pune,3115.97
3774,Women,Soccer,Mercurial Superfly,L,,3126.57,,0,12/16/2024,Retail,Hyderabad,66.02
3776,Men,Soccer,Tiempo Legend,L,,,1.22,0,11/12/2024,Online,Kolkata,-1034.46
3777,Men,Training,SuperRep Go,XL,-1,,,0,6/5/2025,Retail,Hyd,2781.77
3779,Women,Soccer,Tiempo Legend,M,,,1.08,0,12/17/2024,Online,Kolkata,1073.22
3781,Kids,Running,Pegasus Turbo,L,,,0.36,0,2/21/2024,Retail,Mumbai,642.3
3786,Men,Lifestyle,Air Force 1,M,,,0.76,0,11/6/2025,Retail,Kolkata,155.59
3788,Kids,Soccer,Tiempo Legend,L,,,,0,5/18/2025,Retail,Kolkata,-302.19
3789,Women,Lifestyle,Air Force 1,XL,2,2738.79,,0,11/8/2024,Retail,hyderbad,863.29
3791,Kids,Basketball,Kyrie Flytrap,L,,,,0,4/2/2025,Online,Hyd,408.02
3792,Men,Running,Free RN,L,,,1.23,0,7/23/2024,Retail,Pune,3737.69
3794,Men,Training,Flex Trainer,XL,3,9360.87,,0,4/18/2025,Online,Pune,125.97
3795,Men,Soccer,Phantom GT,M,4,,1.03,0,9/20/2024,Retail,Hyderabad,2418.53
3797,Women,Training,ZoomX Invincible,L,,8735.51,0.13,0,6/25/2025,Online,Mumbai,433.58
3798,Women,Training,SuperRep Go,L,,3503.14,,0,5/24/2025,Retail,Pune,957.97
3802,Women,Running,React Infinity,XL,,2391.13,,0,12/16/2024,Retail,Delhi,-489.64
3805,Women,Lifestyle,Dunk Low,M,0,,0.75,0,8/11/2024,Retail,bengaluru,2727.66
3806,Women,Running,Free RN,M,,,0.28,0,1/3/2024,Retail,bengaluru,416.94
3811,Women,Running,React Infinity,XL,0,5706.6,,0,9/28/2024,Online,bengaluru,1397.86
3812,Kids,Training,ZoomX Invincible,L,0,9321.19,,0,1/11/2024,Online,Kolkata,818.49
3813,Men,Lifestyle,Waffle One,M,3,,,0,9/5/2025,Online,Mumbai,-921.98
3814,Kids,Lifestyle,Dunk Low,M,-1,9668.47,,0,12/25/2024,Retail,Kolkata,3718.8
3817,Kids,Basketball,Kyrie Flytrap,XL,-1,,0.61,0,10/30/2024,Retail,Mumbai,623.82
3819,Kids,Basketball,Zoom Freak,M,3,7171.03,,0,5/27/2025,Retail,Kolkata,2723
3820,Men,Training,Flex Trainer,XL,,,,0,2/4/2025,Retail,Mumbai,3505.71
3821,Women,Lifestyle,Air Force 1,L,-1,7539.55,,0,10/19/2024,Retail,Kolkata,-17.8
3826,Men,Lifestyle,Waffle One,XL,,6598.54,,0,8/10/2024,Retail,Mumbai,314.9
3828,Men,Basketball,Air Jordan,XL,,3208.18,,0,12/20/2024,Retail,Hyd,103.08
3829,Kids,Running,Air Zoom,L,,5000.96,,0,6/24/2025,Online,Mumbai,2507.54
3830,Kids,Soccer,Phantom GT,L,2,3664.1,,0,9/4/2024,Retail,Hyderabad,3188.23
3831,Men,Running,Air Zoom,L,0,3231.05,,0,4/26/2025,Online,Bangalore,504.5
3832,Men,Basketball,Kyrie Flytrap,L,,3928.02,,0,5/28/2025,Retail,Kolkata,3445.25
3834,Kids,Lifestyle,Dunk Low,XL,,9190.55,1.07,0,3/23/2025,Retail,Delhi,3199.75
3838,Women,Soccer,Mercurial Superfly,XL,,4262.63,0.52,0,5/4/2025,Retail,Delhi,373.65
3842,Men,Soccer,Tiempo Legend,M,-1,,1.22,0,9/14/2024,Retail,Mumbai,3506.47
3844,Women,Training,Metcon 7,M,1,,0.32,0,8/29/2024,Online,Mumbai,1073.8
3847,Men,Basketball,Kyrie Flytrap,M,,5605.99,,0,9/10/2024,Retail,Delhi,2415.33
3848,Kids,Basketball,Air Jordan,L,,9250.25,1.14,0,11/7/2025,Online,bengaluru,-945.78
3855,Kids,Basketball,LeBron 20,M,,7104.38,0.05,0,1/31/2025,Retail,Delhi,-407.89
3858,Kids,Lifestyle,Waffle One,L,2,,0.87,0,9/7/2024,Online,Bangalore,-485.83
3859,Kids,Lifestyle,Blazer Mid,M,3,,,0,11/20/2024,Retail,Mumbai,2907.33
3862,Kids,Lifestyle,Dunk Low,L,1,,0.61,0,11/17/2023,Online,Delhi,3454.42
3863,Women,Training,Flex Trainer,XL,,6358.33,,0,6/28/2025,Retail,Hyd,290.35
3867,Kids,Lifestyle,Waffle One,XL,,,,0,10/4/2024,Online,bengaluru,3405.94
3870,Women,Training,ZoomX Invincible,M,,6944.2,,0,5/17/2025,Online,Hyderabad,764.21
3871,Women,Training,SuperRep Go,XL,3,,,0,9/17/2024,Retail,Delhi,1773.99
3874,Women,Basketball,LeBron 20,XL,4,3305.6,0.7,3966.72,8/27/2024,Online,Kolkata,1605.13
3876,Men,Soccer,Phantom GT,XL,-1,4310.9,,0,12/24/2024,Retail,hyderbad,3835.88
3878,Men,Running,Air Zoom,XL,,3224.56,,0,8/13/2024,Retail,Kolkata,2178.22
3883,Kids,Soccer,Premier III,M,,8737.43,,0,5/10/2025,Retail,Delhi,-1174.75
2012,Men,Basketball,Air Jordan,XL,,,,0,3/30/2025,Retail,Bangalore,-685.96
3885,Men,Training,Metcon 7,XL,2,,,0,11/10/2024,Online,bengaluru,-512.97
3890,Women,Training,ZoomX Invincible,XL,,4392.78,,0,1/10/2025,Online,Delhi,676.44
3891,Men,Training,ZoomX Invincible,L,0,9453.17,,0,2/13/2025,Retail,Bangalore,3832.99
3895,Men,Soccer,Tiempo Legend,XL,-1,,,0,2/15/2025,Online,Hyderabad,366.35
3898,Men,Basketball,LeBron 20,L,1,,0.07,0,2/27/2025,Retail,Hyd,1353.92
3900,Men,Basketball,Zoom Freak,M,3,9599.44,,0,1/11/2024,Retail,Delhi,-553.3
3901,Men,Running,Air Zoom,XL,,,0.12,0,4/30/2025,Retail,Mumbai,1461.25
3902,Men,Running,Pegasus Turbo,XL,,,0.85,0,2/1/2025,Online,Kolkata,3175.54
3904,Kids,Soccer,Phantom GT,L,2,7775.87,,0,5/28/2025,Retail,Bangalore,1143.11
3906,Men,Lifestyle,Dunk Low,XL,4,7588.77,0.14,26105.37,9/4/2024,Online,hyderbad,3435.73
3910,Men,Basketball,Zoom Freak,XL,,2913.15,,0,3/13/2025,Online,Pune,1834.09
3911,Men,Soccer,Premier III,M,1,5598.98,,0,5/7/2025,Retail,Mumbai,3070.67
3912,Kids,Basketball,LeBron 20,L,-1,6977.03,,0,5/31/2025,Online,Pune,-670.41
3913,Kids,Training,ZoomX Invincible,XL,1,5255.09,,0,6/12/2024,Retail,Delhi,2941.84
3914,Kids,Soccer,Tiempo Legend,XL,2,,,0,10/29/2024,Retail,Delhi,1253.02
3915,Men,Running,Free RN,M,2,7962.36,,0,12/3/2025,Online,Pune,3067.47
3917,Women,Running,React Infinity,L,0,4726.33,,0,10/2/2024,Online,Pune,3551.31
3920,Women,Running,Air Zoom,L,,5540.68,,0,6/9/2025,Online,Pune,1252.12
3921,Kids,Lifestyle,Blazer Mid,L,,,,0,5/23/2025,Retail,Hyd,3939.3
3923,Men,Basketball,LeBron 20,XL,0,2187.01,,0,1/21/2025,Online,Kolkata,-197.46
3924,Women,Running,Pegasus Turbo,L,,4809.5,,0,3/26/2024,Online,Kolkata,3090.67
3925,Kids,Basketball,LeBron 20,M,2,,0.23,0,4/19/2025,Retail,hyderbad,36.04
3926,Men,Lifestyle,Dunk Low,XL,2,4791.86,,0,11/8/2024,Online,Mumbai,2972.86
3927,Women,Soccer,Premier III,L,,,,0,4/10/2025,Retail,bengaluru,999.67
3932,Kids,Training,SuperRep Go,L,4,4520.97,0.54,8318.58,6/10/2025,Retail,Bangalore,1289.36
3933,Men,Training,SuperRep Go,XL,4,,,0,1/25/2025,Online,Pune,1348.54
3935,Women,Running,React Infinity,M,,,,0,7/22/2025,Retail,Pune,-833.94
3936,Kids,Lifestyle,Blazer Mid,M,3,3544.33,,0,7/28/2023,Retail,Pune,1983.5
3937,Women,Running,React Infinity,M,,9550.19,,0,7/12/2024,Online,Hyd,-638.36
3939,Women,Training,ZoomX Invincible,M,,,,0,1/22/2025,Online,Bangalore,2219.59
3942,Men,Lifestyle,Blazer Mid,M,1,3283.25,,0,4/27/2024,Online,Delhi,-938.81
2002,Kids,Soccer,Phantom GT,XL,,,,0,5/16/2025,Online,Delhi,-789.24
3950,Kids,Running,React Infinity,XL,,3474.66,,0,2/7/2025,Online,Kolkata,474.81
3953,Women,Basketball,Air Jordan,XL,,,,0,1/14/2025,Retail,Delhi,2004.93
2042,Kids,Soccer,Tiempo Legend,L,4,8290.97,,0,12/30/2024,Online,Delhi,-84.8
3955,Kids,Training,SuperRep Go,XL,3,,,0,1/16/2025,Retail,Pune,1798.76
3957,Men,Lifestyle,Waffle One,XL,,2113.01,1.14,0,6/26/2025,Online,Hyderabad,2404.92
3959,Kids,Lifestyle,Dunk Low,M,4,6091.98,,0,12/1/2025,Retail,Mumbai,2494.96
2041,Kids,Soccer,Tiempo Legend,M,-1,4414.63,,0,2/27/2025,Online,Bangalore,1709.18
3964,Women,Training,ZoomX Invincible,XL,-1,,,0,1/3/2025,Retail,Kolkata,117.6
3968,Kids,Lifestyle,Waffle One,M,,8141.77,,0,5/12/2024,Retail,bengaluru,774.01
3969,Women,Lifestyle,Waffle One,XL,,7922.86,,0,8/4/2023,Retail,Mumbai,3753.92
3970,Men,Soccer,Phantom GT,L,0,9990.8,,0,6/29/2025,Retail,Kolkata,3351.31
3972,Men,Running,Pegasus Turbo,XL,1,,,0,12/20/2024,Retail,bengaluru,1990.32
3974,Men,Lifestyle,Dunk Low,L,4,,,0,3/22/2024,Retail,Delhi,97.6
3975,Women,Soccer,Tiempo Legend,M,3,,,0,3/22/2025,Retail,Mumbai,1293.38
3976,Men,Training,SuperRep Go,L,4,7534.51,1.05,-1506.9,12/12/2024,Retail,Delhi,778.13
3977,Men,Soccer,Mercurial Superfly,L,0,7483.74,0.21,0,5/11/2025,Online,Delhi,2545.49
3979,Men,Training,ZoomX Invincible,M,3,,0.5,0,11/6/2025,Online,Pune,896.9
3981,Men,Soccer,Premier III,L,,4007.55,1.02,0,12/21/2023,Online,Delhi,90.51
3982,Men,Basketball,Zoom Freak,L,,8006.71,,0,10/16/2024,Online,Bangalore,1486.86
2048,Kids,Basketball,Air Jordan,XL,2,8918.66,1.19,-3389.09,2/14/2024,Retail,Delhi,1889.03
3986,Kids,Running,Air Zoom,L,1,,,0,11/10/2024,Retail,Mumbai,681.84
3987,Kids,Basketball,Zoom Freak,L,2,,,0,8/18/2024,Retail,Hyd,3908.61
3988,Kids,Lifestyle,Blazer Mid,M,4,7945.46,0.67,10488.01,10/10/2024,Online,Pune,3698.62
3989,Men,Training,Metcon 7,L,-1,,,0,10/20/2024,Online,bengaluru,1005.26
3992,Men,Lifestyle,Dunk Low,XL,-1,4431.62,,0,1/13/2025,Online,Pune,-907.76
3997,Women,Lifestyle,Waffle One,M,4,,,0,1/24/2024,Retail,Hyderabad,-484.62
4000,Women,Basketball,Air Jordan,M,-1,,0.11,0,1/9/2025,Retail,Kolkata,309.79
4002,Kids,Soccer,Mercurial Superfly,M,,6056.88,,0,3/11/2024,Retail,Mumbai,2114.03
4003,Men,Lifestyle,Air Force 1,L,,7165.28,1.17,0,3/2/2025,Retail,Mumbai,839.48
4004,Men,Basketball,Air Jordan,XL,,,0.06,0,4/14/2025,Retail,Delhi,-748.58
4005,Kids,Training,Metcon 7,M,,3730.58,,0,11/30/2024,Online,Delhi,1784.38
4007,Kids,Soccer,Premier III,XL,0,,,0,10/1/2025,Retail,Pune,1746.06
4009,Kids,Basketball,Zoom Freak,M,,,,0,3/30/2024,Retail,Mumbai,-737.91
2046,Men,Training,ZoomX Invincible,M,-1,5091.2,,0,10/7/2025,Retail,Pune,1544.79
4011,Women,Running,Air Zoom,M,4,4909.56,,0,7/4/2025,Retail,Bangalore,2934.53
4014,Kids,Running,Air Zoom,L,,,,0,8/4/2024,Retail,hyderbad,563.6
4015,Men,Lifestyle,Air Force 1,L,4,5505.76,,0,7/5/2025,Online,bengaluru,1194.93
2021,Kids,Lifestyle,Waffle One,XL,,4561.67,,0,2/13/2024,Online,Pune,1720.61
4017,Kids,Training,Metcon 7,XL,,9229.7,,0,3/20/2025,Online,Mumbai,1178.1
4022,Kids,Training,Metcon 7,L,,,,0,12/21/2024,Online,bengaluru,2380.63
4023,Women,Running,Free RN,XL,0,2376.12,0.76,0,11/28/2024,Online,hyderbad,1267.41
4024,Men,Training,Metcon 7,M,0,,,0,8/29/2024,Retail,bengaluru,-738.85
4025,Women,Basketball,Kyrie Flytrap,L,,2265.37,,0,6/25/2024,Retail,Kolkata,2946.35
4026,Men,Basketball,Zoom Freak,XL,0,3731.78,1.12,0,2/17/2025,Online,Hyderabad,-885.09
4029,Kids,Training,Flex Trainer,XL,,,,0,6/29/2025,Retail,Bangalore,3231.16
4030,Men,Lifestyle,Waffle One,L,,,,0,4/28/2025,Online,Kolkata,1865.56
4035,Women,Training,ZoomX Invincible,L,,,0.87,0,11/1/2025,Retail,Delhi,2738.44
4037,Women,Basketball,LeBron 20,XL,,,0.74,0,8/8/2023,Retail,Delhi,776.81
4039,Women,Lifestyle,Air Force 1,L,,5103.01,,0,6/12/2024,Online,Delhi,-134.82
2003,Women,Soccer,Premier III,L,,,0.56,0,8/3/2024,Online,Kolkata,2353.41
4046,Women,Running,React Infinity,L,,5140.99,,0,2/20/2025,Online,Pune,999.97
4050,Women,Running,Pegasus Turbo,XL,,3750.77,,0,2/27/2025,Online,bengaluru,-171.08
4052,Kids,Training,Flex Trainer,L,,6952.66,,0,1/19/2025,Online,hyderbad,1624.3
4057,Kids,Basketball,Kyrie Flytrap,M,,,,0,9/22/2023,Retail,Delhi,2575.38
4058,Kids,Basketball,Kyrie Flytrap,L,,,0.34,0,11/13/2024,Online,Delhi,153.9
4059,Kids,Basketball,Air Jordan,L,1,9700.41,1.24,-2328.1,3/2/2025,Retail,Delhi,1000.57
4060,Women,Soccer,Tiempo Legend,L,-1,8655.46,0.9,-865.55,8/20/2024,Online,Pune,3159.11
4062,Men,Basketball,Zoom Freak,M,0,,0.48,0,5/17/2025,Online,Mumbai,505.51
4064,Men,Basketball,Air Jordan,L,4,,0.38,0,9/24/2024,Retail,Hyd,587.63
4065,Women,Basketball,LeBron 20,XL,,7881.81,,0,12/8/2024,Online,Pune,1067.59
4066,Kids,Running,React Infinity,L,4,6599.26,0.85,3959.56,6/29/2025,Retail,Bangalore,3344.47
4067,Men,Soccer,Mercurial Superfly,M,4,7408.31,,0,5/17/2025,Online,bengaluru,1974.4
2030,Women,Soccer,Premier III,L,,9804.64,0.71,0,2/8/2025,Online,Bangalore,635.57
4070,Kids,Basketball,Air Jordan,L,,6966.16,0.24,0,10/23/2024,Retail,Pune,2671.6
4073,Kids,Training,Flex Trainer,M,2,5732.59,,0,11/30/2024,Online,Kolkata,3353.3
4074,Kids,Basketball,LeBron 20,L,,8673.78,,0,3/28/2024,Retail,Mumbai,-286
4075,Kids,Running,Free RN,XL,-1,,,0,5/30/2025,Online,Delhi,2484
4079,Kids,Lifestyle,Waffle One,XL,,,1.03,0,11/21/2024,Retail,Delhi,2083.6
4082,Kids,Soccer,Mercurial Superfly,M,,8233.64,,0,4/7/2025,Retail,Bangalore,3007.26
4083,Men,Training,Flex Trainer,L,,8711.81,,0,3/29/2025,Online,bengaluru,-773.05
4085,Men,Lifestyle,Dunk Low,L,4,,1.19,0,1/21/2025,Online,bengaluru,1897.69
4086,Women,Running,Air Zoom,XL,3,4537.02,,0,4/3/2025,Online,Pune,-195
4088,Men,Training,Flex Trainer,M,2,5649.73,0.41,6666.68,3/16/2025,Retail,Mumbai,1548.1
4090,Men,Lifestyle,Air Force 1,L,,5109.51,,0,6/26/2025,Retail,Delhi,-1164.28
4092,Women,Lifestyle,Air Force 1,XL,-1,9861.8,,0,10/23/2024,Online,Delhi,48.02
4097,Men,Basketball,Kyrie Flytrap,XL,,3443.1,,0,9/17/2024,Retail,hyderbad,1928.88
4098,Men,Lifestyle,Waffle One,L,0,,,0,9/11/2024,Retail,Bangalore,2371.45
4100,Men,Running,Pegasus Turbo,L,,3315.29,,0,3/19/2024,Online,Delhi,1507.71
4105,Men,Running,Pegasus Turbo,XL,,3489.95,,0,5/25/2024,Retail,Bangalore,2093.87
4107,Kids,Running,React Infinity,L,2,,,0,4/27/2025,Retail,hyderbad,779.19
4108,Kids,Running,Pegasus Turbo,L,2,2767.55,0.19,4483.43,11/25/2023,Online,Kolkata,1059.07
4110,Men,Training,Metcon 7,M,2,,0.41,0,8/26/2024,Retail,Hyderabad,3387.91
4111,Women,Lifestyle,Waffle One,L,-1,4934.05,0.83,-838.79,11/26/2024,Retail,bengaluru,2377.84
4112,Women,Running,React Infinity,L,-1,6254.85,,0,4/22/2025,Online,Delhi,2093.68
4113,Kids,Basketball,Zoom Freak,L,2,6435.66,1.05,-643.57,12/5/2025,Online,Bangalore,3372.49
4114,Kids,Training,Metcon 7,XL,4,4307.83,,0,7/13/2025,Retail,bengaluru,-233.59
4115,Men,Basketball,Air Jordan,M,,4613.79,,0,5/14/2025,Retail,Delhi,-758.5
4117,Women,Basketball,Zoom Freak,M,,9501.67,0.51,0,10/3/2024,Online,Hyderabad,266.4
4118,Kids,Basketball,LeBron 20,XL,4,5355.64,,0,5/21/2025,Retail,Mumbai,-538.94
4119,Kids,Training,ZoomX Invincible,M,,8849.62,0.69,0,8/25/2024,Online,Mumbai,1451.15
4124,Kids,Basketball,LeBron 20,M,1,,0,0,10/16/2023,Online,Delhi,477.62
4127,Women,Running,Free RN,L,-1,4690.15,0.49,-2391.98,12/21/2024,Online,Kolkata,1331.92
4131,Women,Running,React Infinity,L,,2081.15,0.9,0,11/16/2024,Online,Bangalore,3544.31
4132,Women,Lifestyle,Dunk Low,XL,,5087.72,0.07,0,8/8/2024,Online,Hyderabad,-921.97
4133,Men,Basketball,Air Jordan,L,3,4105.06,,0,9/11/2024,Online,Mumbai,1015.38
4140,Women,Running,Air Zoom,XL,-1,,,0,4/28/2025,Online,Bangalore,3381.94
4147,Men,Basketball,Zoom Freak,L,1,7659.09,,0,11/26/2024,Online,Delhi,106.35
4151,Kids,Training,Metcon 7,M,,7282.99,0.05,0,10/10/2024,Retail,Kolkata,871.53
4152,Men,Basketball,Kyrie Flytrap,XL,1,,,0,8/7/2024,Online,Mumbai,1011.99
4156,Men,Running,React Infinity,M,,7417.67,,0,5/20/2024,Online,Mumbai,203.96
4157,Men,Basketball,Zoom Freak,XL,3,,,0,7/9/2025,Retail,Delhi,-699.76
4158,Women,Lifestyle,Blazer Mid,L,,,,0,8/18/2024,Online,Hyd,3155.41
4161,Men,Running,Air Zoom,L,,,0.4,0,4/16/2025,Online,Kolkata,1864.83
4163,Men,Training,SuperRep Go,L,,,,0,9/12/2024,Retail,Hyd,1942.39
4164,Men,Soccer,Tiempo Legend,XL,0,2196.67,,0,7/21/2025,Online,Bangalore,-1088.9
4165,Women,Training,SuperRep Go,XL,1,,0.26,0,11/20/2024,Online,Bangalore,2194.38
4170,Men,Lifestyle,Blazer Mid,XL,,3297.7,1.05,0,8/15/2024,Online,bengaluru,1678.19
4171,Men,Running,React Infinity,M,,9303.8,,0,12/21/2024,Retail,Delhi,-1107.26
4172,Women,Soccer,Mercurial Superfly,L,1,,,0,1/21/2025,Retail,bengaluru,155.61
4174,Women,Soccer,Tiempo Legend,XL,,,,0,8/3/2025,Retail,Kolkata,-869.37
4176,Women,Training,ZoomX Invincible,M,1,,,0,9/2/2023,Retail,Hyderabad,2254.67
4178,Men,Basketball,Air Jordan,L,,,,0,8/26/2024,Retail,Hyd,302.75
4179,Women,Running,React Infinity,XL,,6633.14,,0,1/6/2025,Retail,Mumbai,1048.63
4180,Men,Running,Pegasus Turbo,M,,,,0,6/4/2025,Retail,Kolkata,500.23
4181,Women,Running,Free RN,M,3,,,0,4/5/2025,Retail,Delhi,-564.63
4182,Men,Lifestyle,Dunk Low,XL,1,9335.57,,0,2/12/2024,Retail,Mumbai,1135.38
4186,Men,Basketball,LeBron 20,XL,,9872.08,0.17,0,3/10/2025,Online,bengaluru,409.77
4191,Men,Running,React Infinity,M,,,,0,7/22/2024,Online,Pune,671.86
4193,Kids,Basketball,Kyrie Flytrap,XL,1,,,0,4/12/2024,Online,Mumbai,1192.66
4194,Kids,Running,React Infinity,L,,,,0,10/28/2024,Retail,Delhi,-759.55
4195,Kids,Training,Metcon 7,L,,6317.4,,0,9/23/2023,Retail,Mumbai,-746.03
4201,Kids,Running,React Infinity,L,3,,,0,5/9/2025,Retail,Kolkata,1412.54
4202,Men,Training,SuperRep Go,L,4,4996.25,,0,5/16/2025,Online,Pune,299.85
4205,Kids,Lifestyle,Waffle One,XL,,,,0,10/13/2024,Online,Mumbai,2333.09
4207,Women,Basketball,Air Jordan,L,,,0,0,11/15/2024,Retail,Hyderabad,2063.27
4209,Women,Running,Air Zoom,M,1,,,0,12/3/2023,Online,Kolkata,3222.58
4212,Men,Running,React Infinity,XL,3,,0.9,0,7/29/2023,Online,Kolkata,3556.86
4213,Men,Lifestyle,Dunk Low,L,0,,,0,5/26/2024,Retail,Delhi,1165.42
4215,Men,Training,Flex Trainer,XL,3,7213.51,,0,7/13/2025,Online,Kolkata,960.82
4216,Kids,Lifestyle,Waffle One,M,-1,4989.15,,0,2/23/2025,Online,Delhi,3445.94
4220,Kids,Lifestyle,Dunk Low,M,2,2290.64,0.84,733,1/31/2025,Retail,Delhi,608.16
4223,Kids,Soccer,Mercurial Superfly,L,1,,0.31,0,2/4/2025,Retail,bengaluru,-1152.37
4225,Kids,Running,Free RN,XL,,2941.85,1.12,0,1/5/2025,Online,Delhi,2776.82
4227,Kids,Training,Metcon 7,L,,,,0,12/17/2024,Retail,Mumbai,110.91
4228,Kids,Training,SuperRep Go,L,3,,,0,5/12/2025,Retail,Kolkata,-448.12
4229,Kids,Running,Free RN,XL,4,,,0,6/20/2025,Online,Pune,3470.61
4230,Kids,Lifestyle,Waffle One,L,,,,0,8/15/2024,Retail,Hyderabad,-1193.85
4231,Kids,Lifestyle,Blazer Mid,XL,2,6652.23,1.09,-1197.4,1/8/2024,Online,Pune,-780.66
4237,Men,Basketball,LeBron 20,L,1,,,0,2/15/2025,Online,Delhi,572.58
4238,Men,Soccer,Phantom GT,XL,2,6489.35,,0,12/14/2024,Online,Hyderabad,-321.44
4240,Men,Running,Air Zoom,M,,,,0,4/6/2025,Retail,Bangalore,1091.85
4241,Women,Basketball,LeBron 20,M,,,,0,10/29/2024,Retail,Delhi,3890.05
4245,Kids,Basketball,Zoom Freak,M,3,,0.17,0,12/12/2024,Online,Delhi,2445.12
4246,Men,Running,Pegasus Turbo,L,,3576.04,,0,1/10/2025,Retail,Mumbai,3581.39
4247,Kids,Training,Flex Trainer,M,1,,0.69,0,2/26/2025,Retail,Kolkata,1585.72
4249,Kids,Training,Flex Trainer,L,1,2902.95,0.6,1161.18,10/11/2024,Retail,bengaluru,-855.08
4251,Kids,Basketball,LeBron 20,M,1,,0.59,0,1/7/2024,Retail,Mumbai,354.2
4252,Kids,Training,SuperRep Go,L,,,1,0,6/8/2024,Online,hyderbad,2633.21
4256,Women,Soccer,Tiempo Legend,XL,4,,0.52,0,12/18/2024,Online,Hyd,-782.15
4258,Kids,Lifestyle,Dunk Low,L,-1,4189.36,,0,6/10/2024,Retail,Pune,1276.34
4259,Men,Lifestyle,Air Force 1,L,,,0.35,0,9/22/2023,Retail,Bangalore,3351.25
2044,Men,Training,Flex Trainer,XL,,,,0,8/13/2023,Online,Bangalore,1192.96
4262,Women,Basketball,LeBron 20,XL,0,,,0,4/18/2025,Online,Mumbai,-975.63
4264,Kids,Lifestyle,Air Force 1,M,-1,6012.55,,0,1/11/2024,Online,Delhi,783.79
4265,Kids,Training,Flex Trainer,M,,,,0,2/8/2024,Online,Kolkata,1852.59
4266,Men,Lifestyle,Waffle One,XL,3,,,0,7/4/2025,Online,Mumbai,-898.11
4270,Kids,Soccer,Tiempo Legend,L,,,,0,1/1/2025,Online,Bangalore,679.64
4271,Kids,Lifestyle,Waffle One,XL,,4426.69,0.52,0,1/13/2025,Online,Bangalore,-389.08
4274,Men,Basketball,Kyrie Flytrap,XL,,,,0,4/27/2025,Online,Mumbai,1957.94
4279,Men,Training,ZoomX Invincible,XL,,,,0,4/30/2025,Retail,Pune,1724.71
4280,Women,Soccer,Phantom GT,M,,,0.45,0,11/8/2024,Retail,Kolkata,3800.29
4283,Men,Training,ZoomX Invincible,M,1,9649.36,0.95,482.47,2/26/2025,Retail,bengaluru,1158.69
4286,Kids,Soccer,Tiempo Legend,L,,5385.78,,0,6/8/2025,Online,Kolkata,840.25
4292,Men,Training,ZoomX Invincible,L,2,,0.23,0,11/24/2024,Online,Delhi,1328.75
4293,Women,Basketball,Kyrie Flytrap,XL,0,,,0,3/20/2025,Retail,Delhi,635.45
4297,Women,Running,React Infinity,L,,,,0,6/3/2025,Online,Kolkata,1123.18
4303,Men,Soccer,Phantom GT,L,,7587.07,,0,7/21/2024,Online,bengaluru,-1131.99
4304,Kids,Basketball,Kyrie Flytrap,L,,4877.24,,0,7/7/2024,Retail,hyderbad,2692.2
4305,Women,Lifestyle,Waffle One,M,,2270.57,,0,7/12/2024,Retail,bengaluru,-331.09
4306,Kids,Basketball,Air Jordan,M,,,,0,9/21/2024,Retail,bengaluru,867.77
4308,Men,Basketball,LeBron 20,XL,,,0.21,0,5/6/2025,Retail,Pune,982.03
4309,Women,Training,Metcon 7,M,0,,0.12,0,6/18/2025,Online,Pune,-9.44
4310,Kids,Basketball,Zoom Freak,XL,0,9745.69,0.16,0,6/17/2025,Retail,Delhi,138.5
4311,Men,Training,SuperRep Go,L,3,,0.46,0,8/16/2023,Retail,bengaluru,2595.51
4315,Women,Lifestyle,Dunk Low,M,4,4080.51,,0,3/4/2024,Retail,Pune,3322.21
4316,Men,Running,React Infinity,XL,,,,0,1/4/2024,Retail,Hyd,405.43
4317,Kids,Lifestyle,Blazer Mid,L,,9623.53,,0,10/15/2024,Retail,Bangalore,-448.89
2027,Men,Training,SuperRep Go,L,0,,0.08,0,11/14/2024,Retail,Kolkata,126.1
4321,Kids,Running,Free RN,XL,,6646.84,,0,1/15/2024,Online,Mumbai,2210.19
4322,Women,Lifestyle,Waffle One,M,,,,0,1/20/2025,Online,Mumbai,1939.05
4323,Men,Lifestyle,Air Force 1,M,,8526.42,1.02,0,10/26/2024,Retail,Delhi,3573.83
4325,Men,Basketball,Zoom Freak,L,,,,0,1/15/2025,Retail,Bangalore,-402.21
4326,Women,Lifestyle,Air Force 1,XL,0,9604.84,0.31,0,6/6/2024,Retail,Delhi,-143.11
2003,Men,Lifestyle,Blazer Mid,M,3,,0.36,0,8/16/2024,Retail,Delhi,1884.04
4330,Kids,Lifestyle,Air Force 1,M,1,4087.76,,0,7/17/2025,Retail,bengaluru,-831.23
4339,Women,Lifestyle,Dunk Low,L,,,0.33,0,11/21/2024,Retail,Hyd,2003
2009,Kids,Running,Pegasus Turbo,L,,,0.84,0,11/22/2023,Retail,Delhi,1671.62
4346,Men,Training,ZoomX Invincible,M,,,0.71,0,5/4/2025,Online,Mumbai,3222.9
4350,Men,Soccer,Phantom GT,M,0,,,0,5/30/2024,Online,Delhi,2515.85
4351,Men,Soccer,Mercurial Superfly,M,0,,,0,8/19/2024,Online,Pune,3303.1
4358,Kids,Basketball,LeBron 20,XL,2,,0.43,0,10/18/2024,Online,Mumbai,2538.97
4359,Kids,Running,Pegasus Turbo,L,,9336.51,,0,2/23/2025,Online,Bangalore,92.73
4361,Kids,Lifestyle,Blazer Mid,M,,5294.22,,0,8/25/2024,Retail,Kolkata,-787.71
4363,Kids,Basketball,Air Jordan,L,2,,0.75,0,11/24/2024,Online,Delhi,-1071.83
4365,Men,Basketball,Zoom Freak,L,,7357.98,,0,10/2/2024,Online,Kolkata,-86.8
4366,Kids,Training,SuperRep Go,L,,2572.92,,0,2/16/2025,Retail,Kolkata,714.82
4368,Women,Soccer,Tiempo Legend,M,3,5481.64,1.18,-2960.09,12/10/2024,Retail,Delhi,2234.28
4370,Women,Running,Pegasus Turbo,L,2,5046.05,0.38,6257.1,10/13/2024,Retail,Mumbai,2530.73
4373,Men,Lifestyle,Waffle One,M,,,,0,8/1/2024,Retail,bengaluru,396.99
4374,Women,Basketball,Zoom Freak,XL,3,,,0,11/19/2024,Retail,Pune,-1129.38
4375,Women,Training,ZoomX Invincible,L,-1,,0.45,0,12/6/2025,Online,Kolkata,-693.38
4376,Men,Soccer,Phantom GT,M,,7651.93,1.08,0,8/5/2024,Online,Kolkata,546.84
4385,Men,Basketball,Kyrie Flytrap,L,,9057.85,0.84,0,12/13/2023,Retail,Kolkata,1767.32
4388,Women,Training,ZoomX Invincible,M,,,,0,7/2/2025,Retail,bengaluru,2186.94
4389,Women,Basketball,Zoom Freak,M,0,9304.56,,0,7/6/2025,Online,Kolkata,2773.13
4390,Kids,Lifestyle,Waffle One,L,,,1.11,0,12/5/2024,Online,Bangalore,848.64
4394,Women,Training,ZoomX Invincible,L,,8873.61,0.81,0,3/14/2025,Retail,bengaluru,1663.56
4395,Kids,Running,Air Zoom,M,2,5282.31,,0,4/20/2025,Online,Mumbai,3365.61
4398,Men,Soccer,Premier III,XL,2,,,0,6/29/2024,Online,Delhi,1971.9
4399,Men,Basketball,Air Jordan,L,,7607.91,,0,1/6/2025,Online,bengaluru,-161.85
4400,Women,Lifestyle,Air Force 1,M,4,7798.57,0.28,22459.88,5/27/2025,Retail,Kolkata,1334.4
4401,Men,Lifestyle,Blazer Mid,XL,,,,0,11/25/2024,Retail,Kolkata,3410.82
4403,Kids,Basketball,Kyrie Flytrap,L,0,3086.75,,0,8/27/2024,Online,Pune,-681.62
4405,Women,Training,Flex Trainer,XL,-1,,1.24,0,2/24/2025,Retail,Pune,3373.28
4410,Men,Basketball,Kyrie Flytrap,XL,-1,5967.57,1.1,596.76,1/26/2024,Retail,Mumbai,-1011.68
4412,Kids,Lifestyle,Blazer Mid,XL,1,,,0,5/25/2025,Online,Kolkata,3452.75
4413,Men,Running,Free RN,M,,,,0,9/3/2024,Retail,hyderbad,2790.67
4420,Women,Lifestyle,Blazer Mid,L,4,4904.79,1.19,-3727.64,11/8/2023,Retail,Pune,2633.82
4421,Women,Running,React Infinity,XL,,,,0,9/5/2024,Online,Mumbai,3005.03
2007,Men,Soccer,Phantom GT,L,,7652.31,,0,9/29/2023,Retail,Bangalore,1515.95
4425,Women,Running,Air Zoom,L,0,4034.25,,0,9/4/2023,Retail,Delhi,363.8
4426,Men,Lifestyle,Blazer Mid,M,1,,,0,2/12/2024,Online,Pune,2133.39
4429,Kids,Soccer,Premier III,XL,2,,0.49,0,1/18/2025,Retail,Kolkata,3905.15
4430,Kids,Basketball,Kyrie Flytrap,L,2,,0.15,0,5/16/2025,Retail,Bangalore,3590.87
4431,Kids,Training,Metcon 7,XL,,,,0,1/15/2025,Online,Bangalore,-537.53
4432,Men,Basketball,Air Jordan,XL,,6378.45,,0,6/6/2025,Retail,hyderbad,2573.36
4434,Men,Basketball,Zoom Freak,L,3,3844.82,,0,2/9/2025,Online,hyderbad,-289.83
4436,Men,Training,SuperRep Go,M,4,2720.7,,0,4/8/2025,Online,Pune,-818.53
4437,Men,Basketball,Kyrie Flytrap,XL,2,,,0,11/25/2023,Retail,Hyderabad,3972.33
4440,Men,Basketball,Zoom Freak,XL,,6172.36,,0,4/15/2025,Online,Mumbai,-551.75
4441,Kids,Soccer,Premier III,L,3,,,0,5/5/2024,Retail,Kolkata,2036.39
4442,Women,Soccer,Phantom GT,L,,,,0,5/22/2024,Retail,Hyd,1366.18
4445,Women,Training,Metcon 7,XL,1,5915.27,0.12,5205.44,12/15/2024,Retail,Mumbai,3456.95
4446,Men,Soccer,Mercurial Superfly,M,2,3469.31,0.28,4995.81,1/26/2025,Retail,Pune,2671.58
4447,Kids,Running,Free RN,XL,0,,,0,12/12/2024,Retail,Delhi,1574.91
4452,Women,Lifestyle,Blazer Mid,M,1,,,0,4/27/2025,Online,bengaluru,-86.63
4453,Men,Training,Flex Trainer,XL,1,,,0,5/26/2025,Retail,bengaluru,2814.75
4454,Kids,Running,Pegasus Turbo,M,,2915.54,,0,2/1/2025,Retail,Delhi,-1188.64
4456,Women,Basketball,Kyrie Flytrap,XL,1,,0.32,0,12/16/2023,Retail,Hyderabad,450.51
2019,Men,Lifestyle,Air Force 1,L,-1,2452.52,0.12,-2158.22,7/26/2024,Retail,Hyd,-1199.45
4458,Kids,Soccer,Premier III,L,,6500.77,0.22,0,10/28/2024,Retail,Mumbai,870.08
4467,Kids,Lifestyle,Air Force 1,XL,,3918.43,,0,9/3/2024,Retail,Kolkata,2820.24
4468,Men,Soccer,Premier III,XL,3,6077.13,1.13,-2370.08,11/27/2023,Online,Mumbai,3173.31
4475,Kids,Soccer,Tiempo Legend,M,,,1.25,0,3/4/2024,Online,Hyd,1487.03
4476,Women,Lifestyle,Waffle One,L,,4495.47,,0,1/27/2025,Online,bengaluru,560.2
4481,Men,Soccer,Mercurial Superfly,L,,8504.98,0.88,0,11/12/2024,Retail,Delhi,1227.48
4482,Kids,Soccer,Phantom GT,L,2,,,0,7/16/2024,Online,Mumbai,-742.03
4483,Kids,Lifestyle,Blazer Mid,M,,2844.04,0.12,0,12/6/2025,Online,Hyderabad,-1026.86
4485,Men,Training,Flex Trainer,L,,,0.78,0,3/26/2025,Retail,Pune,-367.25
4486,Women,Training,Flex Trainer,XL,,,,0,10/15/2023,Online,Bangalore,3338.79
4487,Men,Lifestyle,Air Force 1,L,,9009.71,0.4,0,8/21/2024,Retail,Pune,-996.86
4490,Women,Training,Metcon 7,L,0,,,0,2/23/2025,Online,Kolkata,-1173.84
4493,Women,Lifestyle,Blazer Mid,XL,4,,,0,10/4/2024,Online,Mumbai,321.24
4494,Women,Training,ZoomX Invincible,L,,,,0,12/2/2025,Online,Kolkata,1357.29
4495,Kids,Basketball,Kyrie Flytrap,XL,3,,,0,5/14/2025,Online,Pune,2.97
4499,Women,Running,Air Zoom,M,,5550.99,,0,11/23/2024,Retail,Mumbai,2453.57
